model of geometry	distance function	hdt_reg_mse	edt_reg_mse	max_depth	n_dim	seed	noise_std	n_samples	n_classes
poincare	euclidean	0.0008711850350083009	214903.86528190493	5	2	42	0.1	1000	2
poincare	poincare	0.008443481609569066	213952.14970638347	5	2	42	0.1	1000	2
hyperboloid	euclidean	5.954323139964097	203175.8282275572	5	2	42	0.1	1000	2
hyperboloid	hyperboloid	4.197303245644864e-08	192259.02133396096	5	2	42	0.1	1000	2
poincare	euclidean	0.0037452078346317964	205066.4058221817	5	2	42	0.1	1000	5
poincare	poincare	0.036798868959847505	204128.52672896406	5	2	42	0.1	1000	5
hyperboloid	euclidean	81.6061089117859	186730.30220388394	5	2	42	0.1	1000	5
hyperboloid	hyperboloid	2.4780837041892535e-07	214839.6360916882	5	2	42	0.1	1000	5
poincare	euclidean	0.004825772360036571	232540.05849661177	5	2	42	0.1	1000	10
poincare	poincare	0.05874537757256377	231437.6153739103	5	2	42	0.1	1000	10
hyperboloid	euclidean	519.2443763347699	206878.5626005734	5	2	42	0.1	1000	10
hyperboloid	hyperboloid	1.4965484561180501e-06	185148.2417337422	5	2	42	0.1	1000	10
poincare	euclidean	0.0036867347698903274	210109.84417489145	5	2	42	0.5	1000	2
poincare	poincare	0.04763754434404685	209023.9697586056	5	2	42	0.5	1000	2
hyperboloid	euclidean	231.43130571177724	185804.5914618016	5	2	42	0.5	1000	2
hyperboloid	hyperboloid	3.35381285612527e-07	197575.82099198515	5	2	42	0.5	1000	2
poincare	euclidean	0.015297960447573207	202647.05285626437	5	2	42	0.5	1000	5
poincare	poincare	0.25731330056879065	201390.40807492263	5	2	42	0.5	1000	5
hyperboloid	euclidean	7745050.507450465	763749.6715361445	5	2	42	0.5	1000	5
hyperboloid	hyperboloid	9.050336154583193e-05	211253.01564983255	5	2	42	0.5	1000	5
poincare	euclidean	0.021398744796637566	231326.6072321884	5	2	42	0.5	1000	10
poincare	poincare	0.3654942684197043	229901.24049343515	5	2	42	0.5	1000	10
hyperboloid	euclidean	186813.69917279933	522353.2883920613	5	2	42	0.5	1000	10
hyperboloid	hyperboloid	1.4035548210265969e-05	186642.0332027788	5	2	42	0.5	1000	10
poincare	euclidean	0.0016184891123304014	210499.5104265086	5	2	43	0.1	1000	2
poincare	poincare	0.022318192123844026	209782.54241278765	5	2	43	0.1	1000	2
hyperboloid	euclidean	270.32973463987196	202141.6057247593	5	2	43	0.1	1000	2
hyperboloid	hyperboloid	5.558683426208365e-06	200951.6614035748	5	2	43	0.1	1000	2
poincare	euclidean	0.0021355080743147435	190427.4941381293	5	2	43	0.1	1000	5
poincare	poincare	0.024280533915698684	189653.20235405504	5	2	43	0.1	1000	5
hyperboloid	euclidean	100.9497653397654	178444.33003429175	5	2	43	0.1	1000	5
hyperboloid	hyperboloid	6.927018879107988e-07	244666.27710278574	5	2	43	0.1	1000	5
poincare	euclidean	0.00958374823312041	210712.44787362724	5	2	43	0.1	1000	10
poincare	poincare	0.09465766085488912	209703.06287728474	5	2	43	0.1	1000	10
hyperboloid	euclidean	4406.891368787746	188011.9233056928	5	2	43	0.1	1000	10
hyperboloid	hyperboloid	1.019457084058518e-05	202639.95967961088	5	2	43	0.1	1000	10
poincare	euclidean	0.012250624456119165	202598.62630157146	5	2	43	0.5	1000	2
poincare	poincare	0.16901488067805054	201521.5543502443	5	2	43	0.5	1000	2
hyperboloid	euclidean	11573769.986278115	11604780.890724046	5	2	43	0.5	1000	2
hyperboloid	hyperboloid	0.0005761120524093289	211019.01156533408	5	2	43	0.5	1000	2
poincare	euclidean	0.011973449996288004	204330.29614336693	5	2	43	0.5	1000	5
poincare	poincare	0.25951763141404655	203237.04936111716	5	2	43	0.5	1000	5
hyperboloid	euclidean	736450.5399759237	419640.0972232157	5	2	43	0.5	1000	5
hyperboloid	hyperboloid	2.8746901489393973e-05	228129.13189322982	5	2	43	0.5	1000	5
poincare	euclidean	0.026498771567463685	212891.10449181564	5	2	43	0.5	1000	10
poincare	poincare	0.5490784486967056	211467.36465577938	5	2	43	0.5	1000	10
hyperboloid	euclidean	108918154.06744693	106780712.09499441	5	2	43	0.5	1000	10
hyperboloid	hyperboloid	2.244500294682197e-05	191734.9349304517	5	2	43	0.5	1000	10
poincare	euclidean	0.0024730313573373057	205133.16872365985	5	2	44	0.1	1000	2
poincare	poincare	0.04059938120568753	203887.87363931522	5	2	44	0.1	1000	2
hyperboloid	euclidean	1934.5619279989303	165095.3172432376	5	2	44	0.1	1000	2
hyperboloid	hyperboloid	1.1409749833508624e-06	204743.68375602484	5	2	44	0.1	1000	2
poincare	euclidean	0.0031086295667676457	216349.24252279033	5	2	44	0.1	1000	5
poincare	poincare	0.033540020901853144	215141.71875399674	5	2	44	0.1	1000	5
hyperboloid	euclidean	414.8009927567572	180395.30556979033	5	2	44	0.1	1000	5
hyperboloid	hyperboloid	3.567484042295944e-07	206627.26107416293	5	2	44	0.1	1000	5
poincare	euclidean	0.007166212501495157	211244.82009261145	5	2	44	0.1	1000	10
poincare	poincare	0.08269368790937047	210158.8891210206	5	2	44	0.1	1000	10
hyperboloid	euclidean	1294.5224059711295	185052.53621515736	5	2	44	0.1	1000	10
hyperboloid	hyperboloid	2.801812745262507e-06	202210.81689539767	5	2	44	0.1	1000	10
poincare	euclidean	0.007918452511758987	202315.91428551645	5	2	44	0.5	1000	2
poincare	poincare	0.20315744658336723	200824.777684805	5	2	44	0.5	1000	2
hyperboloid	euclidean	57465460.11414555	64519094.96956716	5	2	44	0.5	1000	2
hyperboloid	hyperboloid	1.2010000298714528e-05	208653.88977308362	5	2	44	0.5	1000	2
poincare	euclidean	0.01568492658509517	205010.01054043125	5	2	44	0.5	1000	5
poincare	poincare	0.26344365901976013	203601.4038686616	5	2	44	0.5	1000	5
hyperboloid	euclidean	71362.48758098598	132084.35798845257	5	2	44	0.5	1000	5
hyperboloid	hyperboloid	1.6623684524828976e-06	209470.0694668579	5	2	44	0.5	1000	5
poincare	euclidean	0.017762240161000628	188343.0522620111	5	2	44	0.5	1000	10
poincare	poincare	0.5622978258283853	187065.9381292791	5	2	44	0.5	1000	10
hyperboloid	euclidean	441412436.68043303	416441549.5557082	5	2	44	0.5	1000	10
hyperboloid	hyperboloid	0.000622247275932593	218032.76231235123	5	2	44	0.5	1000	10
poincare	euclidean	0.0157052852373624	228270.73777307413	5	4	42	0.1	1000	2
poincare	poincare	0.263627620666622	226703.50469542175	5	4	42	0.1	1000	2
hyperboloid	euclidean	48229.576845193136	135221.4595123449	5	4	42	0.1	1000	2
hyperboloid	hyperboloid	4.3010802490417545e-06	193791.04982658543	5	4	42	0.1	1000	2
poincare	euclidean	0.011902696623978354	187033.00601612258	5	4	42	0.1	1000	5
poincare	poincare	0.19098819693205982	185647.15403958253	5	4	42	0.1	1000	5
hyperboloid	euclidean	1377570.3824257525	224738.86278329336	5	4	42	0.1	1000	5
hyperboloid	hyperboloid	2.434612623971828e-05	234047.073634366	5	4	42	0.1	1000	5
poincare	euclidean	0.020850238932229655	244436.85197411172	5	4	42	0.1	1000	10
poincare	poincare	0.30923813525215316	242693.3073429257	5	4	42	0.1	1000	10
hyperboloid	euclidean	51609.836362953334	160298.82533280202	5	4	42	0.1	1000	10
hyperboloid	hyperboloid	2.684803219785316e-06	180862.91345951083	5	4	42	0.1	1000	10
poincare	euclidean	0.028379768351180647	226155.8104439756	5	4	42	0.5	1000	2
poincare	poincare	1.3671350532984592	223415.36785114818	5	4	42	0.5	1000	2
hyperboloid	euclidean	12938778021.475882	11909468321.135403	5	4	42	0.5	1000	2
hyperboloid	hyperboloid	2.1962776543484566e-05	187401.2826640267	5	4	42	0.5	1000	2
poincare	euclidean	0.0252617947493036	201557.20277929906	5	4	42	0.5	1000	5
poincare	poincare	1.1086662250880595	199234.09731444568	5	4	42	0.5	1000	5
hyperboloid	euclidean	9285074886723.086	2084814455616.9062	5	4	42	0.5	1000	5
hyperboloid	hyperboloid	0.0005715012605464238	208065.69690888285	5	4	42	0.5	1000	5
poincare	euclidean	0.03343233871178631	227556.5651256872	5	4	42	0.5	1000	10
poincare	poincare	1.697246986331159	224870.64061159725	5	4	42	0.5	1000	10
hyperboloid	euclidean	735750939934.893	5165300693.20066	5	4	42	0.5	1000	10
hyperboloid	hyperboloid	0.0012710483094599365	185907.6219041451	5	4	42	0.5	1000	10
poincare	euclidean	0.015878732602824113	226748.26827149035	5	4	43	0.1	1000	2
poincare	poincare	0.22458095145453824	225101.6791125773	5	4	43	0.1	1000	2
hyperboloid	euclidean	592813.7774767468	385999.3367823782	5	4	43	0.1	1000	2
hyperboloid	hyperboloid	6.33331982669464e-06	186347.32197646148	5	4	43	0.1	1000	2
poincare	euclidean	0.017733162767697586	206130.75174728723	5	4	43	0.1	1000	5
poincare	poincare	0.2982449479384563	204567.9743095771	5	4	43	0.1	1000	5
hyperboloid	euclidean	2644341.6927371942	2303880.211243345	5	4	43	0.1	1000	5
hyperboloid	hyperboloid	6.310032612809532e-06	216076.1411602887	5	4	43	0.1	1000	5
poincare	euclidean	0.019249979132054954	194206.1335540578	5	4	43	0.1	1000	10
poincare	poincare	0.2989353298290194	192734.27669695078	5	4	43	0.1	1000	10
hyperboloid	euclidean	85824.44732590693	123487.44217094191	5	4	43	0.1	1000	10
hyperboloid	hyperboloid	2.7300786189856025e-06	216135.64033275188	5	4	43	0.1	1000	10
poincare	euclidean	0.025152892150136382	223554.8293559208	5	4	43	0.5	1000	2
poincare	poincare	1.1111786097437621	220734.77535445022	5	4	43	0.5	1000	2
hyperboloid	euclidean	5667415667252.85	72442193345.5814	5	4	43	0.5	1000	2
hyperboloid	hyperboloid	3.1024997754007e-05	182873.91433099032	5	4	43	0.5	1000	2
poincare	euclidean	0.03407948514377788	208051.06617948084	5	4	43	0.5	1000	5
poincare	poincare	1.6374860626540346	205418.13763681005	5	4	43	0.5	1000	5
hyperboloid	euclidean	14579944843149.574	12427396651017.84	5	4	43	0.5	1000	5
hyperboloid	hyperboloid	2.3340482164452807e-07	204255.2137303834	5	4	43	0.5	1000	5
poincare	euclidean	0.030971655115436456	195879.19434691433	5	4	43	0.5	1000	10
poincare	poincare	1.761048562151365	193374.83111015824	5	4	43	0.5	1000	10
hyperboloid	euclidean	450779520505.2699	390682067202.0193	5	4	43	0.5	1000	10
hyperboloid	hyperboloid	0.00011471965926196991	221735.05655688563	5	4	43	0.5	1000	10
poincare	euclidean	0.0021320354334111134	210571.80833441776	5	4	44	0.1	1000	2
poincare	poincare	0.18162960438744002	208436.6351669888	5	4	44	0.1	1000	2
hyperboloid	euclidean	7417947.219821663	5496057.016965887	5	4	44	0.1	1000	2
hyperboloid	hyperboloid	1.0722584736138356e-05	198790.85910037655	5	4	44	0.1	1000	2
poincare	euclidean	0.014122708874987398	219780.15481425676	5	4	44	0.1	1000	5
poincare	poincare	0.3220424826989984	217880.8117985148	5	4	44	0.1	1000	5
hyperboloid	euclidean	10003092885.611183	7379031903.237591	5	4	44	0.1	1000	5
hyperboloid	hyperboloid	0.001465143598890173	194577.57082110815	5	4	44	0.1	1000	5
poincare	euclidean	0.022386339520347923	203251.51318711214	5	4	44	0.1	1000	10
poincare	poincare	0.34578037717966453	201543.86276283936	5	4	44	0.1	1000	10
hyperboloid	euclidean	4563283.084385747	4828488.501235567	5	4	44	0.1	1000	10
hyperboloid	hyperboloid	1.98037190534193e-05	211226.20774108294	5	4	44	0.1	1000	10
poincare	euclidean	0.0038637919505011297	208618.08054590054	5	4	44	0.5	1000	2
poincare	poincare	1.366376804049729	205391.34529221687	5	4	44	0.5	1000	2
hyperboloid	euclidean	46027718052585.72	45897714216291.58	5	4	44	0.5	1000	2
hyperboloid	hyperboloid	0.00020172607577454752	195876.96218263582	5	4	44	0.5	1000	2
poincare	euclidean	0.022982600396484205	217374.60039272733	5	4	44	0.5	1000	5
poincare	poincare	1.5986068243986424	214351.3353094178	5	4	44	0.5	1000	5
hyperboloid	euclidean	5.8489330027726045e+19	5.292019766855472e+19	5	4	44	0.5	1000	5
hyperboloid	hyperboloid	0.010303480970277348	197899.1524456195	5	4	44	0.5	1000	5
poincare	euclidean	0.03724873276019971	202644.83910272585	5	4	44	0.5	1000	10
poincare	poincare	1.9813999912035312	199778.67037681918	5	4	44	0.5	1000	10
hyperboloid	euclidean	2171257892627.0044	1511264101150.7053	5	4	44	0.5	1000	10
hyperboloid	hyperboloid	2.2370122558317936e-06	201835.45293896913	5	4	44	0.5	1000	10
poincare	euclidean	0.0026689944239586126	227683.2300816024	5	8	42	0.1	1000	2
poincare	poincare	0.6408715088156307	224530.71608242096	5	8	42	0.1	1000	2
hyperboloid	euclidean	40721596702.638596	613212701.6362578	5	8	42	0.1	1000	2
hyperboloid	hyperboloid	0.00010252430334990732	183223.8574980387	5	8	42	0.1	1000	2
poincare	euclidean	0.0036294603658191802	203114.8703883993	5	8	42	0.1	1000	5
poincare	poincare	0.8411564912683565	200188.6997182033	5	8	42	0.1	1000	5
hyperboloid	euclidean	18074651138.408478	9110472578.567015	5	8	42	0.1	1000	5
hyperboloid	hyperboloid	2.6592021166128907e-05	221946.36054425535	5	8	42	0.1	1000	5
poincare	euclidean	0.004870730856321001	219834.61438187712	5	8	42	0.1	1000	10
poincare	poincare	0.9074503958098478	216724.10953341407	5	8	42	0.1	1000	10
hyperboloid	euclidean	160561788952.2215	38145915855.65802	5	8	42	0.1	1000	10
hyperboloid	hyperboloid	0.00012773494954558502	206004.881163546	5	8	42	0.1	1000	10
poincare	euclidean	0.00022030039165966291	229176.2037500782	5	8	42	0.5	1000	2
poincare	poincare	3.059262177009373	223311.27366562813	5	8	42	0.5	1000	2
hyperboloid	euclidean	6.527451117786495e+21	9.72955212019517e+16	5	8	42	0.5	1000	2
hyperboloid	hyperboloid	0.00046145348133866187	170302.41923689298	5	8	42	0.5	1000	2
poincare	euclidean	0.0007427357767848609	202282.2418986329	5	8	42	0.5	1000	5
poincare	poincare	4.258224400788164	196831.64395941678	5	8	42	0.5	1000	5
hyperboloid	euclidean	4.4654126098608853e+21	2.5333321664240697e+20	5	8	42	0.5	1000	5
hyperboloid	hyperboloid	0.0002041844954226029	209939.63443830135	5	8	42	0.5	1000	5
poincare	euclidean	0.0005597298798395888	219293.48719804292	5	8	42	0.5	1000	10
poincare	poincare	4.574168001452249	213423.3432230401	5	8	42	0.5	1000	10
hyperboloid	euclidean	4.71614620724674e+22	5.004375574859646e+20	5	8	42	0.5	1000	10
hyperboloid	hyperboloid	0.00047219672781762646	197560.41972827748	5	8	42	0.5	1000	10
poincare	euclidean	0.004964070653230671	218181.14746517976	5	8	43	0.1	1000	2
poincare	poincare	0.8137679329539911	215158.49971409803	5	8	43	0.1	1000	2
hyperboloid	euclidean	8159942952900.669	8170113579669.197	5	8	43	0.1	1000	2
hyperboloid	hyperboloid	0.002891441092114552	195412.18061119903	5	8	43	0.1	1000	2
poincare	euclidean	0.0034458182986930198	198646.15468426785	5	8	43	0.1	1000	5
poincare	poincare	0.839118668973	195794.958635781	5	8	43	0.1	1000	5
hyperboloid	euclidean	311769282271.98474	224381712206.6475	5	8	43	0.1	1000	5
hyperboloid	hyperboloid	0.0002926703665763543	223482.08411022526	5	8	43	0.1	1000	5
poincare	euclidean	0.004077703338637432	238836.8287276832	5	8	43	0.1	1000	10
poincare	poincare	0.8981459004365686	235227.77393289618	5	8	43	0.1	1000	10
hyperboloid	euclidean	187020147024.1145	15563571780.34027	5	8	43	0.1	1000	10
hyperboloid	hyperboloid	0.00010197476138348264	170423.88234732105	5	8	43	0.1	1000	10
poincare	euclidean	0.0008844579536639338	218081.55173557956	5	8	43	0.5	1000	2
poincare	poincare	4.485250222897154	212266.32770878737	5	8	43	0.5	1000	2
hyperboloid	euclidean	9.878983315872763e+27	1.1188825822117871e+28	5	8	43	0.5	1000	2
hyperboloid	hyperboloid	0.03181161795189027	185351.2571092499	5	8	43	0.5	1000	2
poincare	euclidean	0.0005907356825102526	206360.73520056877	5	8	43	0.5	1000	5
poincare	poincare	3.745653446612778	200856.0350715196	5	8	43	0.5	1000	5
hyperboloid	euclidean	9.552367599542291e+23	8.522709097799335e+23	5	8	43	0.5	1000	5
hyperboloid	hyperboloid	0.004944237617048273	208330.5064496425	5	8	43	0.5	1000	5
poincare	euclidean	0.0003616481444547484	235151.20538796694	5	8	43	0.5	1000	10
poincare	poincare	4.134049662734282	228596.81859260314	5	8	43	0.5	1000	10
hyperboloid	euclidean	1.5215466381494429e+21	5.5684342263389166e+20	5	8	43	0.5	1000	10
hyperboloid	hyperboloid	4.88960391320212e-05	166832.7510054024	5	8	43	0.5	1000	10
poincare	euclidean	0.0011162858925859564	221021.36366603285	5	8	44	0.1	1000	2
poincare	poincare	0.5989354704578951	216972.94638482362	5	8	44	0.1	1000	2
hyperboloid	euclidean	620292287199.1929	625564762117.4838	5	8	44	0.1	1000	2
hyperboloid	hyperboloid	2.086611208726622e-05	188303.4892565687	5	8	44	0.1	1000	2
poincare	euclidean	0.005707273145790592	227675.1416993777	5	8	44	0.1	1000	5
poincare	poincare	1.0367488349502363	224455.53355928254	5	8	44	0.1	1000	5
hyperboloid	euclidean	547196761440.93445	468235592184.2411	5	8	44	0.1	1000	5
hyperboloid	hyperboloid	0.0003036485457836644	185189.4843100879	5	8	44	0.1	1000	5
poincare	euclidean	0.005361599856636572	194788.99160841398	5	8	44	0.1	1000	10
poincare	poincare	1.0048159660910898	191875.38425536396	5	8	44	0.1	1000	10
hyperboloid	euclidean	4245679178430.962	1298547485427.6487	5	8	44	0.1	1000	10
hyperboloid	hyperboloid	0.00040850329657152727	206016.6365436317	5	8	44	0.1	1000	10
poincare	euclidean	6.76626290099322e-05	220599.51625767394	5	8	44	0.5	1000	2
poincare	poincare	2.904083418784893	213812.23718051158	5	8	44	0.5	1000	2
hyperboloid	euclidean	1.16680345936516e+23	1.1693945668579204e+23	5	8	44	0.5	1000	2
hyperboloid	hyperboloid	0.00016941611639166907	179764.64977297815	5	8	44	0.5	1000	2
poincare	euclidean	0.0006184400633961033	231609.39441102886	5	8	44	0.5	1000	5
poincare	poincare	4.448575399031568	225482.91379716314	5	8	44	0.5	1000	5
hyperboloid	euclidean	1.7534989141649725e+23	1.66882422139753e+23	5	8	44	0.5	1000	5
hyperboloid	hyperboloid	0.0029874178787738953	179194.62882120983	5	8	44	0.5	1000	5
poincare	euclidean	0.0006758388581416705	192632.9719927445	5	8	44	0.5	1000	10
poincare	poincare	4.7004425098894815	187254.45218226325	5	8	44	0.5	1000	10
hyperboloid	euclidean	3.967962420629775e+25	2.643871295016435e+23	5	8	44	0.5	1000	10
hyperboloid	hyperboloid	0.008909989336018805	195040.4373294296	5	8	44	0.5	1000	10
poincare	euclidean	1.4524693226375695e-05	220902.9566482227	5	16	42	0.1	1000	2
poincare	poincare	1.7294840439038826	214683.20692892827	5	16	42	0.1	1000	2
hyperboloid	euclidean	3.2246512200972307e+21	1.647119524254662e+18	5	16	42	0.1	1000	2
hyperboloid	hyperboloid	0.021675933703212465	171523.12138535682	5	16	42	0.1	1000	2
poincare	euclidean	2.0936784500467986e-05	171337.6370742973	5	16	42	0.1	1000	5
poincare	poincare	1.7734614326335754	166065.4708350655	5	16	42	0.1	1000	5
hyperboloid	euclidean	7.09707369237892e+18	6.231457557129215e+18	5	16	42	0.1	1000	5
hyperboloid	hyperboloid	1.5249326994505094e-06	225664.4216003866	5	16	42	0.1	1000	5
poincare	euclidean	2.5127096967379783e-05	196773.0519465453	5	16	42	0.1	1000	10
poincare	poincare	1.7786132553629204	191061.6372207983	5	16	42	0.1	1000	10
hyperboloid	euclidean	1.452638612398728e+18	1.4211041876594235e+18	5	16	42	0.1	1000	10
hyperboloid	hyperboloid	6.754750745707888e-05	216840.82983352334	5	16	42	0.1	1000	10
poincare	euclidean		217249.13069852153	5	16	42	0.5	1000	2
poincare	poincare		205939.80795463623	5	16	42	0.5	1000	2
hyperboloid	euclidean		2.768742303365561e+29	5	16	42	0.5	1000	2
hyperboloid	hyperboloid		164470.60877304632	5	16	42	0.5	1000	2
poincare	euclidean		210034.57262169814	5	16	42	0.5	1000	5
poincare	poincare		198851.25029546194	5	16	42	0.5	1000	5
hyperboloid	euclidean		2.4257136519749042e+31	5	16	42	0.5	1000	5
hyperboloid	hyperboloid		184048.82563907604	5	16	42	0.5	1000	5
poincare	euclidean		199924.71720535838	5	16	42	0.5	1000	10
poincare	poincare		189111.3276636007	5	16	42	0.5	1000	10
hyperboloid	euclidean		8.253872894055948e+30	5	16	42	0.5	1000	10
hyperboloid	hyperboloid		179091.4005178885	5	16	42	0.5	1000	10
poincare	euclidean	1.2061633543321102e-05	191941.91978256722	5	16	43	0.1	1000	2
poincare	poincare	1.729127342227382	186207.71271834293	5	16	43	0.1	1000	2
hyperboloid	euclidean	1.753175270139373e+18	9.264717545720096e+17	5	16	43	0.1	1000	2
hyperboloid	hyperboloid	0.00011912164654994668	205795.41400285973	5	16	43	0.1	1000	2
poincare	euclidean	2.0718983879470057e-05	215694.6602480036	5	16	43	0.1	1000	5
poincare	poincare	1.5883202531542606	209526.18624526306	5	16	43	0.1	1000	5
hyperboloid	euclidean	3.2044204420657696e+20	8.31052090554676e+17	5	16	43	0.1	1000	5
hyperboloid	hyperboloid	0.0014325347675726492	181477.9726867985	5	16	43	0.1	1000	5
poincare	euclidean	6.211908126462378e-06	200867.85847185418	5	16	43	0.1	1000	10
poincare	poincare	1.6846874203202222	194774.59110433198	5	16	43	0.1	1000	10
hyperboloid	euclidean	1.4427798976414763e+21	1.3088979498087604e+19	5	16	43	0.1	1000	10
hyperboloid	hyperboloid	0.0012084633978565037	203842.22352458388	5	16	43	0.1	1000	10
poincare	euclidean		227833.97075416843	5	16	43	0.5	1000	2
poincare	poincare		215931.18831704571	5	16	43	0.5	1000	2
hyperboloid	euclidean		1.4411108560746193e+30	5	16	43	0.5	1000	2
hyperboloid	hyperboloid		164250.0445530303	5	16	43	0.5	1000	2
poincare	euclidean		220116.16750587997	5	16	43	0.5	1000	5
poincare	poincare		209035.27445370905	5	16	43	0.5	1000	5
hyperboloid	euclidean		2.7608450818920243e+30	5	16	43	0.5	1000	5
hyperboloid	hyperboloid		176389.62642353057	5	16	43	0.5	1000	5
poincare	euclidean		196095.02052091088	5	16	43	0.5	1000	10
poincare	poincare		185552.5933957108	5	16	43	0.5	1000	10
hyperboloid	euclidean		4.8644810167532365e+30	5	16	43	0.5	1000	10
hyperboloid	hyperboloid		198861.1567247615	5	16	43	0.5	1000	10
poincare	euclidean	2.9351412588869913e-05	224298.084584503	5	16	44	0.1	1000	2
poincare	poincare	1.9003465863273794	217956.84412680977	5	16	44	0.1	1000	2
hyperboloid	euclidean	5.541385799168165e+18	7.94216587129694e+17	5	16	44	0.1	1000	2
hyperboloid	hyperboloid	7.164508471788242e-06	172278.82370476707	5	16	44	0.1	1000	2
poincare	euclidean	2.2862256409905965e-05	212730.13274110152	5	16	44	0.1	1000	5
poincare	poincare	1.6523227879903322	206503.66779881326	5	16	44	0.1	1000	5
hyperboloid	euclidean	3.9220308161060997e+18	2.8809047956475295e+18	5	16	44	0.1	1000	5
hyperboloid	hyperboloid	2.6923582272441278e-05	187623.95950149593	5	16	44	0.1	1000	5
poincare	euclidean	1.2994136650001703e-05	246063.79168420113	5	16	44	0.1	1000	10
poincare	poincare	1.8162587259228677	238985.7981407165	5	16	44	0.1	1000	10
hyperboloid	euclidean	6.756033901273536e+17	4.043589406214809e+17	5	16	44	0.1	1000	10
hyperboloid	hyperboloid	7.60302749395453e-07	163760.62439398354	5	16	44	0.1	1000	10
poincare	euclidean		219871.25506729016	5	16	44	0.5	1000	2
poincare	poincare		208438.11838049986	5	16	44	0.5	1000	2
hyperboloid	euclidean		2.5674374882855192e+29	5	16	44	0.5	1000	2
hyperboloid	hyperboloid		168461.5209635202	5	16	44	0.5	1000	2
poincare	euclidean		217616.73900637642	5	16	44	0.5	1000	5
poincare	poincare		206216.9476242425	5	16	44	0.5	1000	5
hyperboloid	euclidean		1.2167243599090324e+31	5	16	44	0.5	1000	5
hyperboloid	hyperboloid		173100.5386703294	5	16	44	0.5	1000	5
poincare	euclidean		210521.56259988897	5	16	44	0.5	1000	10
poincare	poincare		199335.86322046205	5	16	44	0.5	1000	10
hyperboloid	euclidean		4.3750319566978853e+30	5	16	44	0.5	1000	10
hyperboloid	hyperboloid		178568.50183023245	5	16	44	0.5	1000	10
poincare	euclidean		217253.1268578434	5	32	42	0.1	1000	2
poincare	poincare		206155.57752980493	5	32	42	0.1	1000	2
hyperboloid	euclidean		1.4290788798085326e+27	5	32	42	0.1	1000	2
hyperboloid	hyperboloid		183581.01715682782	5	32	42	0.1	1000	2
poincare	euclidean		199002.62671862068	5	32	42	0.1	1000	5
poincare	poincare		188623.5074110245	5	32	42	0.1	1000	5
hyperboloid	euclidean		2.1370464026177779e+27	5	32	42	0.1	1000	5
hyperboloid	hyperboloid		200512.1125020057	5	32	42	0.1	1000	5
poincare	euclidean		184428.39832049116	5	32	42	0.1	1000	10
poincare	poincare		174379.88008963512	5	32	42	0.1	1000	10
hyperboloid	euclidean		2.2772076763343694e+30	5	32	42	0.1	1000	10
hyperboloid	hyperboloid		196664.10874356492	5	32	42	0.1	1000	10
poincare	euclidean		238264.75039129675	5	32	42	0.5	1000	2
poincare	poincare		225304.3626047611	5	32	42	0.5	1000	2
hyperboloid	euclidean		1.739016242478533e+29	5	32	42	0.5	1000	2
hyperboloid	hyperboloid		152473.80423720757	5	32	42	0.5	1000	2
poincare	euclidean		199447.00052366444	5	32	42	0.5	1000	5
poincare	poincare		188422.13892301676	5	32	42	0.5	1000	5
hyperboloid	euclidean		6.25463540161566e+28	5	32	42	0.5	1000	5
hyperboloid	hyperboloid		196558.54480950802	5	32	42	0.5	1000	5
poincare	euclidean		217447.74790967567	5	32	42	0.5	1000	10
poincare	poincare		204950.15849200485	5	32	42	0.5	1000	10
hyperboloid	euclidean		1.0469680100002991e+31	5	32	42	0.5	1000	10
hyperboloid	hyperboloid		156303.02348133246	5	32	42	0.5	1000	10
poincare	euclidean		225552.76873952214	5	32	43	0.1	1000	2
poincare	poincare		213507.63125439308	5	32	43	0.1	1000	2
hyperboloid	euclidean		7.857105217429628e+29	5	32	43	0.1	1000	2
hyperboloid	hyperboloid		165779.5005697878	5	32	43	0.1	1000	2
poincare	euclidean		225817.2677619045	5	32	43	0.1	1000	5
poincare	poincare		214318.07635021152	5	32	43	0.1	1000	5
hyperboloid	euclidean		2.2894379590277744e+30	5	32	43	0.1	1000	5
hyperboloid	hyperboloid		177039.30593593992	5	32	43	0.1	1000	5
poincare	euclidean		226836.62638242517	5	32	43	0.1	1000	10
poincare	poincare		215236.83465125426	5	32	43	0.1	1000	10
hyperboloid	euclidean		3.305374977714328e+29	5	32	43	0.1	1000	10
hyperboloid	hyperboloid		174229.45538393513	5	32	43	0.1	1000	10
poincare	euclidean		174004.00976337132	5	32	43	0.5	1000	2
poincare	poincare		161416.55353171515	5	32	43	0.5	1000	2
hyperboloid	euclidean		2.2570150092908107e+32	5	32	43	0.5	1000	2
hyperboloid	hyperboloid		138165.52081812653	5	32	43	0.5	1000	2
poincare	euclidean		207440.56508568057	5	32	43	0.5	1000	5
poincare	poincare		195257.63973428815	5	32	43	0.5	1000	5
hyperboloid	euclidean		4.168172499524955e+31	5	32	43	0.5	1000	5
hyperboloid	hyperboloid		169481.41647016417	5	32	43	0.5	1000	5
poincare	euclidean		188563.6266807179	5	32	43	0.5	1000	10
poincare	poincare		176920.56869527992	5	32	43	0.5	1000	10
hyperboloid	euclidean		3.322599705863972e+31	5	32	43	0.5	1000	10
hyperboloid	hyperboloid		168851.86681058045	5	32	43	0.5	1000	10
poincare	euclidean		205527.50140812885	5	32	44	0.1	1000	2
poincare	poincare		194882.12869602002	5	32	44	0.1	1000	2
hyperboloid	euclidean		2.9603920166569364e+27	5	32	44	0.1	1000	2
hyperboloid	hyperboloid		193913.11282423188	5	32	44	0.1	1000	2
poincare	euclidean		210144.1443507767	5	32	44	0.1	1000	5
poincare	poincare		199462.78041267025	5	32	44	0.1	1000	5
hyperboloid	euclidean		6.101010461647779e+26	5	32	44	0.1	1000	5
hyperboloid	hyperboloid		184103.6732398165	5	32	44	0.1	1000	5
poincare	euclidean		214694.6614268168	5	32	44	0.1	1000	10
poincare	poincare		203613.52087275856	5	32	44	0.1	1000	10
hyperboloid	euclidean		2.9890531374626796e+30	5	32	44	0.1	1000	10
hyperboloid	hyperboloid		185584.5663961068	5	32	44	0.1	1000	10
poincare	euclidean		187793.87574941982	5	32	44	0.5	1000	2
poincare	poincare		177488.68749423843	5	32	44	0.5	1000	2
hyperboloid	euclidean		5.1026763642116554e+29	5	32	44	0.5	1000	2
hyperboloid	hyperboloid		209347.70104595536	5	32	44	0.5	1000	2
poincare	euclidean		215033.64840851925	5	32	44	0.5	1000	5
poincare	poincare		203382.71622949897	5	32	44	0.5	1000	5
hyperboloid	euclidean		1.661119906649975e+31	5	32	44	0.5	1000	5
hyperboloid	hyperboloid		173909.93844597417	5	32	44	0.5	1000	5
poincare	euclidean		168734.58391348145	5	32	44	0.5	1000	10
poincare	poincare		158329.7486750818	5	32	44	0.5	1000	10
hyperboloid	euclidean		2.953678324306488e+31	5	32	44	0.5	1000	10
hyperboloid	hyperboloid		202138.6418049664	5	32	44	0.5	1000	10
poincare	euclidean	0.0001686089198027543	214291.44113947474	10	2	42	0.1	1000	2
poincare	poincare	0.0014229756779300957	213341.08195889593	10	2	42	0.1	1000	2
hyperboloid	euclidean	1.3300858684758077	202575.95791008792	10	2	42	0.1	1000	2
hyperboloid	hyperboloid	9.378535868851263e-09	192941.1306201229	10	2	42	0.1	1000	2
poincare	euclidean	0.0006311330910137071	205958.92953470134	10	2	42	0.1	1000	5
poincare	poincare	0.00596668780326855	205018.82532962173	10	2	42	0.1	1000	5
hyperboloid	euclidean	55.576267794944876	187575.70204824826	10	2	42	0.1	1000	5
hyperboloid	hyperboloid	1.6936067328979214e-07	214138.7669317388	10	2	42	0.1	1000	5
poincare	euclidean	0.0015885094824470097	232914.25581113223	10	2	42	0.1	1000	10
poincare	poincare	0.018020764200628713	231810.6398532977	10	2	42	0.1	1000	10
hyperboloid	euclidean	406.58451063334905	207157.70574899737	10	2	42	0.1	1000	10
hyperboloid	hyperboloid	1.1744256063859972e-06	185061.18112233563	10	2	42	0.1	1000	10
poincare	euclidean	0.0006564885448777162	210135.97218047126	10	2	42	0.5	1000	2
poincare	poincare	0.012207071799112668	209050.24643490932	10	2	42	0.5	1000	2
hyperboloid	euclidean	111.84941246888854	185793.1805318003	10	2	42	0.5	1000	2
hyperboloid	hyperboloid	1.6253137509043125e-07	198209.38217823193	10	2	42	0.5	1000	2
poincare	euclidean	0.0034551593709895296	202136.35458213254	10	2	42	0.5	1000	5
poincare	poincare	0.0912393082544077	200881.0041318733	10	2	42	0.5	1000	5
hyperboloid	euclidean	10912529.90898099	763824.6122044	10	2	42	0.5	1000	5
hyperboloid	hyperboloid	0.0001285380029671398	211343.3539771398	10	2	42	0.5	1000	5
poincare	euclidean	0.008717996134354514	231250.48597977363	10	2	42	0.5	1000	10
poincare	poincare	0.13728030912193007	229824.6505956219	10	2	42	0.5	1000	10
hyperboloid	euclidean	163935.7868910739	520488.51664456597	10	2	42	0.5	1000	10
hyperboloid	hyperboloid	1.2334838250762435e-05	186770.59264345586	10	2	42	0.5	1000	10
poincare	euclidean	0.0005662181974759421	211392.71527178475	10	2	43	0.1	1000	2
poincare	poincare	0.008172110612627162	210674.06183292167	10	2	43	0.1	1000	2
hyperboloid	euclidean	254.91664180597553	202991.02323632032	10	2	43	0.1	1000	2
hyperboloid	hyperboloid	5.248590356328961e-06	200711.59897059892	10	2	43	0.1	1000	2
poincare	euclidean	0.0006665980079298616	190142.0825466136	10	2	43	0.1	1000	5
poincare	poincare	0.008005969025230559	189368.62700772722	10	2	43	0.1	1000	5
hyperboloid	euclidean	72.56350677202214	178142.83942768694	10	2	43	0.1	1000	5
hyperboloid	hyperboloid	4.992487741814387e-07	245754.6026410475	10	2	43	0.1	1000	5
poincare	euclidean	0.001961377967602869	211542.6197896113	10	2	43	0.1	1000	10
poincare	poincare	0.02547251591730828	210531.05606416604	10	2	43	0.1	1000	10
hyperboloid	euclidean	4007.7330459092605	188695.94786687844	10	2	43	0.1	1000	10
hyperboloid	hyperboloid	9.295301044635778e-06	202200.59504347958	10	2	43	0.1	1000	10
poincare	euclidean	0.004427764280278219	202333.38135150142	10	2	43	0.5	1000	2
poincare	poincare	0.11526062865855266	201256.29285209195	10	2	43	0.5	1000	2
hyperboloid	euclidean	11572543.254535848	11598437.331456203	10	2	43	0.5	1000	2
hyperboloid	hyperboloid	0.0005760689381751605	210962.1357247301	10	2	43	0.5	1000	2
poincare	euclidean	0.0029320633975450784	204794.99204533285	10	2	43	0.5	1000	5
poincare	poincare	0.08715795240791088	203700.77960567106	10	2	43	0.5	1000	5
hyperboloid	euclidean	814232.0364242911	419837.9684361668	10	2	43	0.5	1000	5
hyperboloid	hyperboloid	3.172420925107266e-05	228185.0265642752	10	2	43	0.5	1000	5
poincare	euclidean	0.0075508680704518445	213261.44173799746	10	2	43	0.5	1000	10
poincare	poincare	0.26827800953323405	211835.61456365773	10	2	43	0.5	1000	10
hyperboloid	euclidean	109054008.18165793	106756708.5851219	10	2	43	0.5	1000	10
hyperboloid	hyperboloid	2.2472377011987565e-05	191741.05256571792	10	2	43	0.5	1000	10
poincare	euclidean	0.0010233139914986938	205024.3577155209	10	2	44	0.1	1000	2
poincare	poincare	0.014553143410029699	203779.3543408894	10	2	44	0.1	1000	2
hyperboloid	euclidean	1205.466976966607	164891.64390105943	10	2	44	0.1	1000	2
hyperboloid	hyperboloid	7.111916763351044e-07	205009.19967057952	10	2	44	0.1	1000	2
poincare	euclidean	0.0009573359846220355	214857.50623351044	10	2	44	0.1	1000	5
poincare	poincare	0.009887259061214468	213654.23487565678	10	2	44	0.1	1000	5
hyperboloid	euclidean	205.7445511420892	179018.4049384293	10	2	44	0.1	1000	5
hyperboloid	hyperboloid	1.7716349764198606e-07	207566.5759711971	10	2	44	0.1	1000	5
poincare	euclidean	0.0027435796450293814	211472.30378059202	10	2	44	0.1	1000	10
poincare	poincare	0.03133944524656869	210385.2207164903	10	2	44	0.1	1000	10
hyperboloid	euclidean	1085.893287807977	185220.76064556706	10	2	44	0.1	1000	10
hyperboloid	hyperboloid	2.349546907084016e-06	201614.15876517296	10	2	44	0.1	1000	10
poincare	euclidean	0.002929358426056782	201315.70534489676	10	2	44	0.5	1000	2
poincare	poincare	0.11801838178870856	199827.99393781033	10	2	44	0.5	1000	2
hyperboloid	euclidean	23290983.809477556	64504264.13371536	10	2	44	0.5	1000	2
hyperboloid	hyperboloid	4.925476371409211e-06	209660.28619142287	10	2	44	0.5	1000	2
poincare	euclidean	0.004673069280014185	206117.57284585043	10	2	44	0.5	1000	5
poincare	poincare	0.11305663970069507	204704.9676728263	10	2	44	0.5	1000	5
hyperboloid	euclidean	92124.90926801172	133037.89705719164	10	2	44	0.5	1000	5
hyperboloid	hyperboloid	2.1458830604155184e-06	208572.87868393608	10	2	44	0.5	1000	5
poincare	euclidean	0.004995287948779266	189039.184134246	10	2	44	0.5	1000	10
poincare	poincare	0.2706802390943869	187759.19435189158	10	2	44	0.5	1000	10
hyperboloid	euclidean	443560869.9424156	416392100.33031297	10	2	44	0.5	1000	10
hyperboloid	hyperboloid	0.0006249112268797627	218623.63383474332	10	2	44	0.5	1000	10
poincare	euclidean	0.010888556381185825	228009.0725512999	10	4	42	0.1	1000	2
poincare	poincare	0.22542747480640007	226442.36592442758	10	4	42	0.1	1000	2
hyperboloid	euclidean	49564.89268460732	134779.14034437615	10	4	42	0.1	1000	2
hyperboloid	hyperboloid	4.394787204734223e-06	193765.3782516087	10	4	42	0.1	1000	2
poincare	euclidean	0.010045458486264893	186651.51081771168	10	4	42	0.1	1000	5
poincare	poincare	0.1801607712542237	185265.77355734818	10	4	42	0.1	1000	5
hyperboloid	euclidean	1878026.9164482236	224718.32311288643	10	4	42	0.1	1000	5
hyperboloid	hyperboloid	3.3159473281451084e-05	233213.2553041266	10	4	42	0.1	1000	5
poincare	euclidean	0.016265058872464544	244441.36639827528	10	4	42	0.1	1000	10
poincare	poincare	0.26687980554601703	242697.88719663568	10	4	42	0.1	1000	10
hyperboloid	euclidean	56413.578050422686	159747.657311055	10	4	42	0.1	1000	10
hyperboloid	hyperboloid	2.811627897514708e-06	181260.89459779375	10	4	42	0.1	1000	10
poincare	euclidean	0.029159067928450213	226724.9923697413	10	4	42	0.5	1000	2
poincare	poincare	1.766808254973779	223980.97284781397	10	4	42	0.5	1000	2
hyperboloid	euclidean	14517345231.97537	11909229986.318195	10	4	42	0.5	1000	2
hyperboloid	hyperboloid	2.460643029198879e-05	187482.57543181904	10	4	42	0.5	1000	2
poincare	euclidean	0.019210204518479553	202194.7853456887	10	4	42	0.5	1000	5
poincare	poincare	1.0786698350762984	199867.45412039326	10	4	42	0.5	1000	5
hyperboloid	euclidean	9310212456991.22	2084812579773.1611	10	4	42	0.5	1000	5
hyperboloid	hyperboloid	0.0005727549356186771	207966.969761298	10	4	42	0.5	1000	5
poincare	euclidean	0.032139576467355574	228220.39546636396	10	4	42	0.5	1000	10
poincare	poincare	1.9239646053125719	225529.45589357335	10	4	42	0.5	1000	10
hyperboloid	euclidean	737147062371.0099	5165197848.774225	10	4	42	0.5	1000	10
hyperboloid	hyperboloid	0.0012725586212024261	185064.1748403288	10	4	42	0.5	1000	10
poincare	euclidean	0.013360470941221664	226482.18347619634	10	4	43	0.1	1000	2
poincare	poincare	0.23569747126794646	224836.21251464798	10	4	43	0.1	1000	2
hyperboloid	euclidean	1860239.8339090713	385756.37368708604	10	4	43	0.1	1000	2
hyperboloid	hyperboloid	2.023462191894686e-05	186261.90250713858	10	4	43	0.1	1000	2
poincare	euclidean	0.009448405643169271	205829.1356434172	10	4	43	0.1	1000	5
poincare	poincare	0.2265755421114032	204267.0543021854	10	4	43	0.1	1000	5
hyperboloid	euclidean	2866134.0974782943	2301705.3732744227	10	4	43	0.1	1000	5
hyperboloid	hyperboloid	6.873230762247191e-06	216489.0797513026	10	4	43	0.1	1000	5
poincare	euclidean	0.01523713721824438	194614.98071792125	10	4	43	0.1	1000	10
poincare	poincare	0.305598664569312	193141.78515082688	10	4	43	0.1	1000	10
hyperboloid	euclidean	78770.7056647628	123649.85461419541	10	4	43	0.1	1000	10
hyperboloid	hyperboloid	2.5066275771431742e-06	216226.3294608951	10	4	43	0.1	1000	10
poincare	euclidean	0.0317941812679572	223571.4325269116	10	4	43	0.5	1000	2
poincare	poincare	1.4245291467979415	220751.00882965708	10	4	43	0.5	1000	2
hyperboloid	euclidean	28999769383242.6	72442121830.09473	10	4	43	0.5	1000	2
hyperboloid	hyperboloid	0.00016586790847285214	182559.76787931033	10	4	43	0.5	1000	2
poincare	euclidean	0.032170652326772985	208255.24294175845	10	4	43	0.5	1000	5
poincare	poincare	1.985039210639426	205619.80145615633	10	4	43	0.5	1000	5
hyperboloid	euclidean	15000500430818.07	12427394533436.44	10	4	43	0.5	1000	5
hyperboloid	hyperboloid	2.398741154887599e-07	203133.03358703948	10	4	43	0.5	1000	5
poincare	euclidean	0.03661672107314362	195519.31577835968	10	4	43	0.5	1000	10
poincare	poincare	2.0930903113936425	193016.47731490756	10	4	43	0.5	1000	10
hyperboloid	euclidean	464828221278.08374	390681307383.846	10	4	43	0.5	1000	10
hyperboloid	hyperboloid	0.00011794407022482083	221562.27680381152	10	4	43	0.5	1000	10
poincare	euclidean	0.001189556178600608	211346.35398586423	10	4	44	0.1	1000	2
poincare	poincare	0.1410408889257884	209206.8382743001	10	4	44	0.1	1000	2
hyperboloid	euclidean	5734207.167633352	5491262.104773787	10	4	44	0.1	1000	2
hyperboloid	hyperboloid	8.266932857346933e-06	198427.93817420653	10	4	44	0.1	1000	2
poincare	euclidean	0.010694351539740155	220690.2870892877	10	4	44	0.1	1000	5
poincare	poincare	0.274854694860992	218787.44705861382	10	4	44	0.1	1000	5
hyperboloid	euclidean	9825062499.163101	7378891196.534486	10	4	44	0.1	1000	5
hyperboloid	hyperboloid	0.0014413934706223486	195120.21933422267	10	4	44	0.1	1000	5
poincare	euclidean	0.020585594725183932	203827.85985482947	10	4	44	0.1	1000	10
poincare	poincare	0.3716404589167063	202118.41699531116	10	4	44	0.1	1000	10
hyperboloid	euclidean	4537990.870589789	4824179.040550228	10	4	44	0.1	1000	10
hyperboloid	hyperboloid	1.9468561130628085e-05	212353.18351163797	10	4	44	0.1	1000	10
poincare	euclidean	0.0029171194654318234	208566.4716067004	10	4	44	0.5	1000	2
poincare	poincare	1.403801706086142	205339.50987310134	10	4	44	0.5	1000	2
hyperboloid	euclidean	51540782707388.11	45897704194880.23	10	4	44	0.5	1000	2
hyperboloid	hyperboloid	0.00022322745802121928	196082.12695114603	10	4	44	0.5	1000	2
poincare	euclidean	0.028816383065592772	216712.58649700516	10	4	44	0.5	1000	5
poincare	poincare	2.4547147833480385	213691.9645691739	10	4	44	0.5	1000	5
hyperboloid	euclidean	5.850654708960506e+19	5.292019765620851e+19	10	4	44	0.5	1000	5
hyperboloid	hyperboloid	0.01030521654296594	198364.93614949475	10	4	44	0.5	1000	5
poincare	euclidean	0.03983052840385222	202229.77740231037	10	4	44	0.5	1000	10
poincare	poincare	2.719755570893651	199366.28030396663	10	4	44	0.5	1000	10
hyperboloid	euclidean	6726222503512.664	1511262708855.646	10	4	44	0.5	1000	10
hyperboloid	hyperboloid	7.0073793745171856e-06	202252.25997211967	10	4	44	0.5	1000	10
poincare	euclidean	0.003340956696117544	227268.8455277899	10	8	42	0.1	1000	2
poincare	poincare	0.953034585038483	224119.0178233093	10	8	42	0.1	1000	2
hyperboloid	euclidean	59326122070.94199	613220698.9811318	10	8	42	0.1	1000	2
hyperboloid	hyperboloid	0.00014684817352564965	183407.0882172704	10	8	42	0.1	1000	2
poincare	euclidean	0.004553081977285085	203423.52934809812	10	8	42	0.1	1000	5
poincare	poincare	1.0300840094131118	200494.25079638776	10	8	42	0.1	1000	5
hyperboloid	euclidean	23192525080.385685	9110426660.419968	10	8	42	0.1	1000	5
hyperboloid	hyperboloid	3.4077219910783864e-05	221485.73591308872	10	8	42	0.1	1000	5
poincare	euclidean	0.006046641291882795	218432.20385875073	10	8	42	0.1	1000	10
poincare	poincare	0.9923332970909112	215332.448953304	10	8	42	0.1	1000	10
hyperboloid	euclidean	161874238158.10245	38145837357.66857	10	8	42	0.1	1000	10
hyperboloid	hyperboloid	0.0001286982008219082	207042.12918529354	10	8	42	0.1	1000	10
poincare	euclidean	0.00024030277550026943	230267.32735003598	10	8	42	0.5	1000	2
poincare	poincare	3.8902104565906406	224386.45772500537	10	8	42	0.5	1000	2
hyperboloid	euclidean	6.582872288304408e+21	9.729552110677122e+16	10	8	42	0.5	1000	2
hyperboloid	hyperboloid	0.00046467426286288927	169544.2449894501	10	8	42	0.5	1000	2
poincare	euclidean	0.0008531197061370962	202586.3163239031	10	8	42	0.5	1000	5
poincare	poincare	4.6313487586467845	197130.8287697659	10	8	42	0.5	1000	5
hyperboloid	euclidean	4.59199116796408e+21	2.5333321662317475e+20	10	8	42	0.5	1000	5
hyperboloid	hyperboloid	0.00020454993859712577	209825.06255993218	10	8	42	0.5	1000	5
poincare	euclidean	0.0006777582254992022	218906.86213415765	10	8	42	0.5	1000	10
poincare	poincare	5.424538273158139	213043.03752244508	10	8	42	0.5	1000	10
hyperboloid	euclidean	4.784083861903798e+22	5.00437557458875e+20	10	8	42	0.5	1000	10
hyperboloid	hyperboloid	0.0004777123936284089	198164.53221011427	10	8	42	0.5	1000	10
poincare	euclidean	0.005545959911834344	218420.11490513108	10	8	43	0.1	1000	2
poincare	poincare	1.1149644394378964	215394.0832341937	10	8	43	0.1	1000	2
hyperboloid	euclidean	8162747401907.085	8170108834333.553	10	8	43	0.1	1000	2
hyperboloid	hyperboloid	0.002892071434340476	194847.76535143648	10	8	43	0.1	1000	2
poincare	euclidean	0.0049532923193228075	198979.96093448074	10	8	43	0.1	1000	5
poincare	poincare	0.9866272976292464	196124.5146634298	10	8	43	0.1	1000	5
hyperboloid	euclidean	313264475275.83887	224380720844.8315	10	8	43	0.1	1000	5
hyperboloid	hyperboloid	0.0002938365567616693	222718.9627861472	10	8	43	0.1	1000	5
poincare	euclidean	0.005269074633894637	239549.87219281113	10	8	43	0.1	1000	10
poincare	poincare	1.1697455287180336	235933.85430320687	10	8	43	0.1	1000	10
hyperboloid	euclidean	199453002107.72464	15563680026.097368	10	8	43	0.1	1000	10
hyperboloid	hyperboloid	0.00010813034623702524	169408.26339674278	10	8	43	0.1	1000	10
poincare	euclidean	0.000876668726953964	218416.94829614862	10	8	43	0.5	1000	2
poincare	poincare	5.019684473093139	212598.24405824995	10	8	43	0.5	1000	2
hyperboloid	euclidean	9.878983316979019e+27	1.11888258221177e+28	10	8	43	0.5	1000	2
hyperboloid	hyperboloid	0.03181161795231256	186056.85912122377	10	8	43	0.5	1000	2
poincare	euclidean	0.0006992937684343356	206889.65307954588	10	8	43	0.5	1000	5
poincare	poincare	4.617678892270951	201378.87673117698	10	8	43	0.5	1000	5
hyperboloid	euclidean	9.551406150626537e+23	8.522709097782993e+23	10	8	43	0.5	1000	5
hyperboloid	hyperboloid	0.0049440132536675415	208717.41299001098	10	8	43	0.5	1000	5
poincare	euclidean	0.00040305312668340823	235363.53668924785	10	8	43	0.5	1000	10
poincare	poincare	5.468882304262257	228807.49999466992	10	8	43	0.5	1000	10
hyperboloid	euclidean	1.5370313646249272e+21	5.568434225980659e+20	10	8	43	0.5	1000	10
hyperboloid	hyperboloid	4.936918484647345e-05	167145.03500412442	10	8	43	0.5	1000	10
poincare	euclidean	0.0009818039250700677	220933.32878447138	10	8	44	0.1	1000	2
poincare	poincare	0.86303856181501	216888.36529232652	10	8	44	0.1	1000	2
hyperboloid	euclidean	779389417845.7931	625563795117.8408	10	8	44	0.1	1000	2
hyperboloid	hyperboloid	2.6131157959646073e-05	189240.00525258086	10	8	44	0.1	1000	2
poincare	euclidean	0.007292189886132406	227529.70319142594	10	8	44	0.1	1000	5
poincare	poincare	1.1701002805605376	224310.4452275197	10	8	44	0.1	1000	5
hyperboloid	euclidean	559124321619.3809	468234455730.6108	10	8	44	0.1	1000	5
hyperboloid	hyperboloid	0.0003095824835634368	185258.62295138807	10	8	44	0.1	1000	5
poincare	euclidean	0.00741496829934082	194855.21933611098	10	8	44	0.1	1000	10
poincare	poincare	1.1613752617966924	191942.79815323107	10	8	44	0.1	1000	10
hyperboloid	euclidean	4253245979172.2305	1298545498727.608	10	8	44	0.1	1000	10
hyperboloid	hyperboloid	0.00040910330039749677	207038.07538707985	10	8	44	0.1	1000	10
poincare	euclidean	6.724575731579698e-05	219527.22615537816	10	8	44	0.5	1000	2
poincare	poincare	4.624784320518403	212760.37187242127	10	8	44	0.5	1000	2
hyperboloid	euclidean	1.1700116535437264e+23	1.1693945668545472e+23	10	8	44	0.5	1000	2
hyperboloid	hyperboloid	0.00016981388699465223	181169.8344475168	10	8	44	0.5	1000	2
poincare	euclidean	0.0007790517502411277	231615.4277879601	10	8	44	0.5	1000	5
poincare	poincare	5.25521939130735	225486.2622414709	10	8	44	0.5	1000	5
hyperboloid	euclidean	1.753534698768793e+23	1.6688242213889358e+23	10	8	44	0.5	1000	5
hyperboloid	hyperboloid	0.002987428985116741	178920.21657216287	10	8	44	0.5	1000	5
poincare	euclidean	0.0009111166370858373	193169.93056060036	10	8	44	0.5	1000	10
poincare	poincare	5.993775968256017	187781.18535949546	10	8	44	0.5	1000	10
hyperboloid	euclidean	3.968257728842795e+25	2.6438712950086833e+23	10	8	44	0.5	1000	10
hyperboloid	hyperboloid	0.008910193854582867	194139.52976691036	10	8	44	0.5	1000	10
poincare	euclidean	1.4155168411158431e-05	221419.76074607883	10	16	42	0.1	1000	2
poincare	poincare	2.4431197326582543	215191.747905341	10	16	42	0.1	1000	2
hyperboloid	euclidean	3.2247599097356694e+21	1.647119522748146e+18	10	16	42	0.1	1000	2
hyperboloid	hyperboloid	0.02167613614077708	171180.61688944508	10	16	42	0.1	1000	2
poincare	euclidean	2.373849705667654e-05	171361.4982679909	10	16	42	0.1	1000	5
poincare	poincare	2.002856104646469	166085.93347149584	10	16	42	0.1	1000	5
hyperboloid	euclidean	7.311802517079699e+18	6.231457553600336e+18	10	16	42	0.1	1000	5
hyperboloid	hyperboloid	1.5705806074807021e-06	225365.05850709067	10	16	42	0.1	1000	5
poincare	euclidean	2.615169901738307e-05	197417.7482269945	10	16	42	0.1	1000	10
poincare	poincare	2.426895079731753	191700.2958984825	10	16	42	0.1	1000	10
hyperboloid	euclidean	1.505415551374123e+18	1.421104185883286e+18	10	16	42	0.1	1000	10
hyperboloid	hyperboloid	6.97516025210062e-05	217138.0157160637	10	16	42	0.1	1000	10
poincare	euclidean		217435.79918763938	10	16	42	0.5	1000	2
poincare	poincare		206120.28808984236	10	16	42	0.5	1000	2
hyperboloid	euclidean		2.7687423033655533e+29	10	16	42	0.5	1000	2
hyperboloid	hyperboloid		164350.00382389396	10	16	42	0.5	1000	2
poincare	euclidean		209690.9320668567	10	16	42	0.5	1000	5
poincare	poincare		198524.82420953226	10	16	42	0.5	1000	5
hyperboloid	euclidean		2.425713651974903e+31	10	16	42	0.5	1000	5
hyperboloid	hyperboloid		184974.8638536	10	16	42	0.5	1000	5
poincare	euclidean		199786.60949450175	10	16	42	0.5	1000	10
poincare	poincare		188976.52217174455	10	16	42	0.5	1000	10
hyperboloid	euclidean		8.253872894055942e+30	10	16	42	0.5	1000	10
hyperboloid	hyperboloid		179217.0110160733	10	16	42	0.5	1000	10
poincare	euclidean	1.3221606823050597e-05	191887.24600086606	10	16	43	0.1	1000	2
poincare	poincare	2.2410655006638773	186154.05094010383	10	16	43	0.1	1000	2
hyperboloid	euclidean	1.771403962119323e+18	9.264717522164362e+17	10	16	43	0.1	1000	2
hyperboloid	hyperboloid	0.00012027367607712402	205999.48963219323	10	16	43	0.1	1000	2
poincare	euclidean	3.453776836439116e-05	215458.3367620009	10	16	43	0.1	1000	5
poincare	poincare	2.394688900556344	209292.6922754024	10	16	43	0.1	1000	5
hyperboloid	euclidean	3.200722431536946e+20	8.310520900556059e+17	10	16	43	0.1	1000	5
hyperboloid	hyperboloid	0.0014314201594474681	181627.0888024726	10	16	43	0.1	1000	5
poincare	euclidean	1.490972313201825e-05	200256.63655867637	10	16	43	0.1	1000	10
poincare	poincare	2.5443865586597654	194164.91515482857	10	16	43	0.1	1000	10
hyperboloid	euclidean	1.444769545982396e+21	1.3088979495023938e+19	10	16	43	0.1	1000	10
hyperboloid	hyperboloid	0.0012096714523209063	202961.4539575547	10	16	43	0.1	1000	10
poincare	euclidean		228058.42669118018	10	16	43	0.5	1000	2
poincare	poincare		216148.5134904761	10	16	43	0.5	1000	2
hyperboloid	euclidean		1.4411108560746182e+30	10	16	43	0.5	1000	2
hyperboloid	hyperboloid		164176.89150121028	10	16	43	0.5	1000	2
poincare	euclidean		220476.55643038967	10	16	43	0.5	1000	5
poincare	poincare		209388.22630667457	10	16	43	0.5	1000	5
hyperboloid	euclidean		2.7608450818920226e+30	10	16	43	0.5	1000	5
hyperboloid	hyperboloid		176560.76473896005	10	16	43	0.5	1000	5
poincare	euclidean		195536.4943209666	10	16	43	0.5	1000	10
poincare	poincare		185006.0130887338	10	16	43	0.5	1000	10
hyperboloid	euclidean		4.864481016753236e+30	10	16	43	0.5	1000	10
hyperboloid	hyperboloid		198866.48886039824	10	16	43	0.5	1000	10
poincare	euclidean	4.000372770475919e-05	223965.22193266734	10	16	44	0.1	1000	2
poincare	poincare	2.858895050510439	217625.83874981722	10	16	44	0.1	1000	2
hyperboloid	euclidean	6.455735837240061e+18	7.942165866795645e+17	10	16	44	0.1	1000	2
hyperboloid	hyperboloid	8.32945982318195e-06	172038.41908592416	10	16	44	0.1	1000	2
poincare	euclidean	2.829350957161811e-05	213502.51820815704	10	16	44	0.1	1000	5
poincare	poincare	2.407131498644477	207270.16044736572	10	16	44	0.1	1000	5
hyperboloid	euclidean	4.0035846072884024e+18	2.880904791806185e+18	10	16	44	0.1	1000	5
hyperboloid	hyperboloid	2.7942842962100172e-05	188265.19759954297	10	16	44	0.1	1000	5
poincare	euclidean	1.811909378044009e-05	245393.0858176119	10	16	44	0.1	1000	10
poincare	poincare	2.2119164857091316	238326.24423591804	10	16	44	0.1	1000	10
hyperboloid	euclidean	1.156935864158793e+19	4.0435894112640634e+17	10	16	44	0.1	1000	10
hyperboloid	hyperboloid	1.3142765339048215e-05	164287.9327081953	10	16	44	0.1	1000	10
poincare	euclidean		219851.4924315943	10	16	44	0.5	1000	2
poincare	poincare		208416.23601748244	10	16	44	0.5	1000	2
hyperboloid	euclidean		2.5674374882855175e+29	10	16	44	0.5	1000	2
hyperboloid	hyperboloid		168305.28252559475	10	16	44	0.5	1000	2
poincare	euclidean		217913.41373981917	10	16	44	0.5	1000	5
poincare	poincare		206512.9447739601	10	16	44	0.5	1000	5
hyperboloid	euclidean		1.2167243599090313e+31	10	16	44	0.5	1000	5
hyperboloid	hyperboloid		173668.94728019298	10	16	44	0.5	1000	5
poincare	euclidean		209999.92484516106	10	16	44	0.5	1000	10
poincare	poincare		198823.15693753838	10	16	44	0.5	1000	10
hyperboloid	euclidean		4.3750319566978825e+30	10	16	44	0.5	1000	10
hyperboloid	hyperboloid		178499.09305221325	10	16	44	0.5	1000	10
poincare	euclidean		216799.75935422938	10	32	42	0.1	1000	2
poincare	poincare		205712.6185136193	10	32	42	0.1	1000	2
hyperboloid	euclidean		1.4290788798085274e+27	10	32	42	0.1	1000	2
hyperboloid	hyperboloid		183682.79397276364	10	32	42	0.1	1000	2
poincare	euclidean		199267.23171426012	10	32	42	0.1	1000	5
poincare	poincare		188885.8416886864	10	32	42	0.1	1000	5
hyperboloid	euclidean		2.1370464026176682e+27	10	32	42	0.1	1000	5
hyperboloid	hyperboloid		200753.86846806228	10	32	42	0.1	1000	5
poincare	euclidean		183966.54199120283	10	32	42	0.1	1000	10
poincare	poincare		173938.31300266358	10	32	42	0.1	1000	10
hyperboloid	euclidean		2.2772076763343672e+30	10	32	42	0.1	1000	10
hyperboloid	hyperboloid		197485.33497246273	10	32	42	0.1	1000	10
poincare	euclidean		238355.30789146444	10	32	42	0.5	1000	2
poincare	poincare		225385.55530693685	10	32	42	0.5	1000	2
hyperboloid	euclidean		1.739016242478526e+29	10	32	42	0.5	1000	2
hyperboloid	hyperboloid		152101.38614243825	10	32	42	0.5	1000	2
poincare	euclidean		198739.39927253395	10	32	42	0.5	1000	5
poincare	poincare		187729.249001887	10	32	42	0.5	1000	5
hyperboloid	euclidean		6.25463540161566e+28	10	32	42	0.5	1000	5
hyperboloid	hyperboloid		196606.34303382967	10	32	42	0.5	1000	5
poincare	euclidean		216726.29255024067	10	32	42	0.5	1000	10
poincare	poincare		204249.84588684666	10	32	42	0.5	1000	10
hyperboloid	euclidean		1.0469680100002991e+31	10	32	42	0.5	1000	10
hyperboloid	hyperboloid		156641.62019319166	10	32	42	0.5	1000	10
poincare	euclidean		225523.55622934565	10	32	43	0.1	1000	2
poincare	poincare		213476.55478031884	10	32	43	0.1	1000	2
hyperboloid	euclidean		7.857105217429628e+29	10	32	43	0.1	1000	2
hyperboloid	hyperboloid		165652.03485517032	10	32	43	0.1	1000	2
poincare	euclidean		225619.32770800954	10	32	43	0.1	1000	5
poincare	poincare		214125.6701563061	10	32	43	0.1	1000	5
hyperboloid	euclidean		2.2894379590277727e+30	10	32	43	0.1	1000	5
hyperboloid	hyperboloid		177220.00055767805	10	32	43	0.1	1000	5
poincare	euclidean		227051.15636107908	10	32	43	0.1	1000	10
poincare	poincare		215458.10079189978	10	32	43	0.1	1000	10
hyperboloid	euclidean		3.305374977714319e+29	10	32	43	0.1	1000	10
hyperboloid	hyperboloid		174997.99571506528	10	32	43	0.1	1000	10
poincare	euclidean		173366.76115150435	10	32	43	0.5	1000	2
poincare	poincare		160814.25538539325	10	32	43	0.5	1000	2
hyperboloid	euclidean		2.257015009290811e+32	10	32	43	0.5	1000	2
hyperboloid	hyperboloid		138961.85448618123	10	32	43	0.5	1000	2
poincare	euclidean		207889.09427259228	10	32	43	0.5	1000	5
poincare	poincare		195699.73646764708	10	32	43	0.5	1000	5
hyperboloid	euclidean		4.168172499524953e+31	10	32	43	0.5	1000	5
hyperboloid	hyperboloid		169685.89104550297	10	32	43	0.5	1000	5
poincare	euclidean		188374.87017039364	10	32	43	0.5	1000	10
poincare	poincare		176737.10317122066	10	32	43	0.5	1000	10
hyperboloid	euclidean		3.3225997058639716e+31	10	32	43	0.5	1000	10
hyperboloid	hyperboloid		168937.93065724254	10	32	43	0.5	1000	10
poincare	euclidean		205591.17759646368	10	32	44	0.1	1000	2
poincare	poincare		194943.8722379168	10	32	44	0.1	1000	2
hyperboloid	euclidean		2.9603920166568094e+27	10	32	44	0.1	1000	2
hyperboloid	hyperboloid		193950.15506658796	10	32	44	0.1	1000	2
poincare	euclidean		209572.55431852114	10	32	44	0.1	1000	5
poincare	poincare		198901.8006314206	10	32	44	0.1	1000	5
hyperboloid	euclidean		6.1010104616479225e+26	10	32	44	0.1	1000	5
hyperboloid	hyperboloid		184154.18964850585	10	32	44	0.1	1000	5
poincare	euclidean		215207.82764670148	10	32	44	0.1	1000	10
poincare	poincare		204118.7034392577	10	32	44	0.1	1000	10
hyperboloid	euclidean		2.9890531374626785e+30	10	32	44	0.1	1000	10
hyperboloid	hyperboloid		185806.165784396	10	32	44	0.1	1000	10
poincare	euclidean		188531.40324990876	10	32	44	0.5	1000	2
poincare	poincare		178210.06688493083	10	32	44	0.5	1000	2
hyperboloid	euclidean		5.102676364211643e+29	10	32	44	0.5	1000	2
hyperboloid	hyperboloid		209271.8604423304	10	32	44	0.5	1000	2
poincare	euclidean		215271.54840769994	10	32	44	0.5	1000	5
poincare	poincare		203608.20158814572	10	32	44	0.5	1000	5
hyperboloid	euclidean		1.6611199066499753e+31	10	32	44	0.5	1000	5
hyperboloid	hyperboloid		173500.58201365947	10	32	44	0.5	1000	5
poincare	euclidean		168198.65955359148	10	32	44	0.5	1000	10
poincare	poincare		157809.53146928074	10	32	44	0.5	1000	10
hyperboloid	euclidean		2.9536783243064883e+31	10	32	44	0.5	1000	10
hyperboloid	hyperboloid		202360.03869648615	10	32	44	0.5	1000	10
poincare	euclidean	0.00016447282337487328	214291.44113947474	20	2	42	0.1	1000	2
poincare	poincare	0.0012914987912621264	213341.08195889593	20	2	42	0.1	1000	2
hyperboloid	euclidean	1.2523224317246957	202575.95791008792	20	2	42	0.1	1000	2
hyperboloid	hyperboloid	8.830567183684566e-09	192941.1306201229	20	2	42	0.1	1000	2
poincare	euclidean	0.0005957202448820385	205958.92953470134	20	2	42	0.1	1000	5
poincare	poincare	0.00572662760554201	205018.82532962173	20	2	42	0.1	1000	5
hyperboloid	euclidean	55.31971207734581	187575.70204824826	20	2	42	0.1	1000	5
hyperboloid	hyperboloid	1.685889196050947e-07	214138.7669317388	20	2	42	0.1	1000	5
poincare	euclidean	0.0014576988813598602	232914.25581113223	20	2	42	0.1	1000	10
poincare	poincare	0.01643410123616517	231810.6398532977	20	2	42	0.1	1000	10
hyperboloid	euclidean	400.0052651392532	207157.70574899737	20	2	42	0.1	1000	10
hyperboloid	hyperboloid	1.1556691013347826e-06	185061.18112233563	20	2	42	0.1	1000	10
poincare	euclidean	0.0006201084888288679	210135.97218047126	20	2	42	0.5	1000	2
poincare	poincare	0.011437250536296437	209050.24643490932	20	2	42	0.5	1000	2
hyperboloid	euclidean	111.73641280015579	185793.1805318003	20	2	42	0.5	1000	2
hyperboloid	hyperboloid	1.623830219393369e-07	198209.38217823193	20	2	42	0.5	1000	2
poincare	euclidean	0.0030598587701472003	202136.35458213254	20	2	42	0.5	1000	5
poincare	poincare	0.08858082375385619	200881.0041318733	20	2	42	0.5	1000	5
hyperboloid	euclidean	10911975.290899478	763824.6122044	20	2	42	0.5	1000	5
hyperboloid	hyperboloid	0.00012853225426905099	211343.3539771398	20	2	42	0.5	1000	5
poincare	euclidean	0.008114427689723478	231250.48597977363	20	2	42	0.5	1000	10
poincare	poincare	0.12603576181592907	229824.6505956219	20	2	42	0.5	1000	10
hyperboloid	euclidean	164943.13018963914	520488.51664456597	20	2	42	0.5	1000	10
hyperboloid	hyperboloid	1.2408795288105692e-05	186770.59264345586	20	2	42	0.5	1000	10
poincare	euclidean	0.0005332160055935202	211392.71527178475	20	2	43	0.1	1000	2
poincare	poincare	0.007688290094977468	210674.06183292167	20	2	43	0.1	1000	2
hyperboloid	euclidean	254.8772584040637	202991.02323632032	20	2	43	0.1	1000	2
hyperboloid	hyperboloid	5.247808539389078e-06	200711.59897059892	20	2	43	0.1	1000	2
poincare	euclidean	0.0005825250833559673	190142.0825466136	20	2	43	0.1	1000	5
poincare	poincare	0.006989922402494178	189368.62700772722	20	2	43	0.1	1000	5
hyperboloid	euclidean	72.42408344082163	178142.83942768694	20	2	43	0.1	1000	5
hyperboloid	hyperboloid	4.983026395851216e-07	245754.6026410475	20	2	43	0.1	1000	5
poincare	euclidean	0.001227269638092911	211542.6197896113	20	2	43	0.1	1000	10
poincare	poincare	0.018137957958783486	210531.05606416604	20	2	43	0.1	1000	10
hyperboloid	euclidean	3956.307850368134	188695.94786687844	20	2	43	0.1	1000	10
hyperboloid	hyperboloid	9.181115992917014e-06	202200.59504347958	20	2	43	0.1	1000	10
poincare	euclidean	0.00391884786006427	202333.38135150142	20	2	43	0.5	1000	2
poincare	poincare	0.10704586219613418	201256.29285209195	20	2	43	0.5	1000	2
hyperboloid	euclidean	11572708.786773758	11598437.331456203	20	2	43	0.5	1000	2
hyperboloid	hyperboloid	0.0005760748645465421	210962.1357247301	20	2	43	0.5	1000	2
poincare	euclidean	0.002658155318961618	204794.99204533285	20	2	43	0.5	1000	5
poincare	poincare	0.08452644188497985	203700.77960567106	20	2	43	0.5	1000	5
hyperboloid	euclidean	814083.2144267826	419837.9684361668	20	2	43	0.5	1000	5
hyperboloid	hyperboloid	3.1718823930522554e-05	228185.0265642752	20	2	43	0.5	1000	5
poincare	euclidean	0.005702336641334562	213261.44173799746	20	2	43	0.5	1000	10
poincare	poincare	0.25201493944485115	211835.61456365773	20	2	43	0.5	1000	10
hyperboloid	euclidean	108820862.85113826	106756708.5851219	20	2	43	0.5	1000	10
hyperboloid	hyperboloid	2.2425379579788323e-05	191741.05256571792	20	2	43	0.5	1000	10
poincare	euclidean	0.001012990215968424	205024.3577155209	20	2	44	0.1	1000	2
poincare	poincare	0.01447577913105872	203779.3543408894	20	2	44	0.1	1000	2
hyperboloid	euclidean	1200.7882453288767	164891.64390105943	20	2	44	0.1	1000	2
hyperboloid	hyperboloid	7.084661822108697e-07	205009.19967057952	20	2	44	0.1	1000	2
poincare	euclidean	0.0007907190784554954	214857.50623351044	20	2	44	0.1	1000	5
poincare	poincare	0.009147426312881525	213654.23487565678	20	2	44	0.1	1000	5
hyperboloid	euclidean	189.2154754755751	179018.4049384293	20	2	44	0.1	1000	5
hyperboloid	hyperboloid	1.629903177985824e-07	207566.5759711971	20	2	44	0.1	1000	5
poincare	euclidean	0.0023976061925404194	211472.30378059202	20	2	44	0.1	1000	10
poincare	poincare	0.02825367581196425	210385.2207164903	20	2	44	0.1	1000	10
hyperboloid	euclidean	1053.2707769889223	185220.76064556706	20	2	44	0.1	1000	10
hyperboloid	hyperboloid	2.2766636742008064e-06	201614.15876517296	20	2	44	0.1	1000	10
poincare	euclidean	0.002634191284413173	201315.70534489676	20	2	44	0.5	1000	2
poincare	poincare	0.10975213718881868	199827.99393781033	20	2	44	0.5	1000	2
hyperboloid	euclidean	23293859.759621564	64504264.13371536	20	2	44	0.5	1000	2
hyperboloid	hyperboloid	4.926048717588482e-06	209660.28619142287	20	2	44	0.5	1000	2
poincare	euclidean	0.003811372530133771	206117.57284585043	20	2	44	0.5	1000	5
poincare	poincare	0.10953610514952433	204704.9676728263	20	2	44	0.5	1000	5
hyperboloid	euclidean	86529.18348522732	133037.89705719164	20	2	44	0.5	1000	5
hyperboloid	hyperboloid	2.0158851409176504e-06	208572.87868393608	20	2	44	0.5	1000	5
poincare	euclidean	0.0052942875694233105	189039.184134246	20	2	44	0.5	1000	10
poincare	poincare	0.2063568732139271	187759.19435189158	20	2	44	0.5	1000	10
hyperboloid	euclidean	443770418.7219211	416392100.33031297	20	2	44	0.5	1000	10
hyperboloid	hyperboloid	0.0006251773235171273	218623.63383474332	20	2	44	0.5	1000	10
poincare	euclidean	0.010556233299204507	228009.0725512999	20	4	42	0.1	1000	2
poincare	poincare	0.21187278162558038	226442.36592442758	20	4	42	0.1	1000	2
hyperboloid	euclidean	47928.07278352406	134779.14034437615	20	4	42	0.1	1000	2
hyperboloid	hyperboloid	4.236675183842277e-06	193765.3782516087	20	4	42	0.1	1000	2
poincare	euclidean	0.0075179421837380375	186651.51081771168	20	4	42	0.1	1000	5
poincare	poincare	0.15802373312702758	185265.77355734818	20	4	42	0.1	1000	5
hyperboloid	euclidean	1874713.5126114187	224718.32311288643	20	4	42	0.1	1000	5
hyperboloid	hyperboloid	3.310294417958927e-05	233213.2553041266	20	4	42	0.1	1000	5
poincare	euclidean	0.016609778166462245	244441.36639827528	20	4	42	0.1	1000	10
poincare	poincare	0.27207947191323073	242697.88719663568	20	4	42	0.1	1000	10
hyperboloid	euclidean	54339.56042219358	159747.657311055	20	4	42	0.1	1000	10
hyperboloid	hyperboloid	2.7289800055929555e-06	181260.89459779375	20	4	42	0.1	1000	10
poincare	euclidean	0.03151974386833881	226724.9923697413	20	4	42	0.5	1000	2
poincare	poincare	2.036034608399739	223980.97284781397	20	4	42	0.5	1000	2
hyperboloid	euclidean	15044117924.9087	11909229986.318195	20	4	42	0.5	1000	2
hyperboloid	hyperboloid	2.5475306892959636e-05	187482.57543181904	20	4	42	0.5	1000	2
poincare	euclidean	0.019628550513838047	202194.7853456887	20	4	42	0.5	1000	5
poincare	poincare	1.103649106744256	199867.45412039326	20	4	42	0.5	1000	5
hyperboloid	euclidean	9310267280726.098	2084812579773.1611	20	4	42	0.5	1000	5
hyperboloid	hyperboloid	0.0005727577325155138	207966.969761298	20	4	42	0.5	1000	5
poincare	euclidean	0.03225946263688656	228220.39546636396	20	4	42	0.5	1000	10
poincare	poincare	2.2117883905387123	225529.45589357335	20	4	42	0.5	1000	10
hyperboloid	euclidean	737155688995.5952	5165197848.774225	20	4	42	0.5	1000	10
hyperboloid	hyperboloid	0.0012725679745401004	185064.1748403288	20	4	42	0.5	1000	10
poincare	euclidean	0.013073707462041548	226482.18347619634	20	4	43	0.1	1000	2
poincare	poincare	0.25324285608182806	224836.21251464798	20	4	43	0.1	1000	2
hyperboloid	euclidean	1834735.8001625163	385756.37368708604	20	4	43	0.1	1000	2
hyperboloid	hyperboloid	1.9968796354384426e-05	186261.90250713858	20	4	43	0.1	1000	2
poincare	euclidean	0.008422034911033107	205829.1356434172	20	4	43	0.1	1000	5
poincare	poincare	0.22241711435754394	204267.0543021854	20	4	43	0.1	1000	5
hyperboloid	euclidean	2872127.1092470353	2301705.3732744227	20	4	43	0.1	1000	5
hyperboloid	hyperboloid	6.890832000716345e-06	216489.0797513026	20	4	43	0.1	1000	5
poincare	euclidean	0.014595301507104695	194614.98071792125	20	4	43	0.1	1000	10
poincare	poincare	0.2954792093259989	193141.78515082688	20	4	43	0.1	1000	10
hyperboloid	euclidean	78740.50375782054	123649.85461419541	20	4	43	0.1	1000	10
hyperboloid	hyperboloid	2.505240305368691e-06	216226.3294608951	20	4	43	0.1	1000	10
poincare	euclidean	0.03698935700006109	223571.4325269116	20	4	43	0.5	1000	2
poincare	poincare	2.0475497817695296	220751.00882965708	20	4	43	0.5	1000	2
hyperboloid	euclidean	28999633803016.43	72442121830.09473	20	4	43	0.5	1000	2
hyperboloid	hyperboloid	0.00016586725191657166	182559.76787931033	20	4	43	0.5	1000	2
poincare	euclidean	0.03348438200539452	208255.24294175845	20	4	43	0.5	1000	5
poincare	poincare	1.9811117251005	205619.80145615633	20	4	43	0.5	1000	5
hyperboloid	euclidean	15000827568122.553	12427394533436.44	20	4	43	0.5	1000	5
hyperboloid	hyperboloid	2.39879318582306e-07	203133.03358703948	20	4	43	0.5	1000	5
poincare	euclidean	0.03844448067098931	195519.31577835968	20	4	43	0.5	1000	10
poincare	poincare	2.20415586575998	193016.47731490756	20	4	43	0.5	1000	10
hyperboloid	euclidean	465216888943.9075	390681307383.846	20	4	43	0.5	1000	10
hyperboloid	hyperboloid	0.00011803256233890821	221562.27680381152	20	4	43	0.5	1000	10
poincare	euclidean	0.0011993801187099055	211346.35398586423	20	4	44	0.1	1000	2
poincare	poincare	0.13028663541868013	209206.8382743001	20	4	44	0.1	1000	2
hyperboloid	euclidean	5728838.072794322	5491262.104773787	20	4	44	0.1	1000	2
hyperboloid	hyperboloid	8.259747420041816e-06	198427.93817420653	20	4	44	0.1	1000	2
poincare	euclidean	0.012336504409293441	220690.2870892877	20	4	44	0.1	1000	5
poincare	poincare	0.2915190055089638	218787.44705861382	20	4	44	0.1	1000	5
hyperboloid	euclidean	9825067941.404842	7378891196.534486	20	4	44	0.1	1000	5
hyperboloid	hyperboloid	0.0014413940092286236	195120.21933422267	20	4	44	0.1	1000	5
poincare	euclidean	0.02115181979506574	203827.85985482947	20	4	44	0.1	1000	10
poincare	poincare	0.3645485582999432	202118.41699531116	20	4	44	0.1	1000	10
hyperboloid	euclidean	4539163.870320987	4824179.040550228	20	4	44	0.1	1000	10
hyperboloid	hyperboloid	1.9459968810173637e-05	212353.18351163797	20	4	44	0.1	1000	10
poincare	euclidean	0.0030294771122853035	208566.4716067004	20	4	44	0.5	1000	2
poincare	poincare	1.4759718089718639	205339.50987310134	20	4	44	0.5	1000	2
hyperboloid	euclidean	51547184203341.6	45897704194880.23	20	4	44	0.5	1000	2
hyperboloid	hyperboloid	0.00022324232748575243	196082.12695114603	20	4	44	0.5	1000	2
poincare	euclidean	0.031314676435730944	216712.58649700516	20	4	44	0.5	1000	5
poincare	poincare	2.624302912201158	213691.9645691739	20	4	44	0.5	1000	5
hyperboloid	euclidean	5.850665751765608e+19	5.292019765620851e+19	20	4	44	0.5	1000	5
hyperboloid	hyperboloid	0.010305227663338912	198364.93614949475	20	4	44	0.5	1000	5
poincare	euclidean	0.04497977241987945	202229.77740231037	20	4	44	0.5	1000	10
poincare	poincare	2.987414176994557	199366.28030396663	20	4	44	0.5	1000	10
hyperboloid	euclidean	6717031440091.975	1511262708855.646	20	4	44	0.5	1000	10
hyperboloid	hyperboloid	6.998018525295606e-06	202252.25997211967	20	4	44	0.5	1000	10
poincare	euclidean	0.003934331020646175	227268.8455277899	20	8	42	0.1	1000	2
poincare	poincare	1.0739677778756365	224119.0178233093	20	8	42	0.1	1000	2
hyperboloid	euclidean	59571950402.424416	613220698.9811318	20	8	42	0.1	1000	2
hyperboloid	hyperboloid	0.00014739823760541172	183407.0882172704	20	8	42	0.1	1000	2
poincare	euclidean	0.00486596487919344	203423.52934809812	20	8	42	0.1	1000	5
poincare	poincare	1.2413706079035232	200494.25079638776	20	8	42	0.1	1000	5
hyperboloid	euclidean	23212005403.382225	9110426660.419968	20	8	42	0.1	1000	5
hyperboloid	hyperboloid	3.410483377784475e-05	221485.73591308872	20	8	42	0.1	1000	5
poincare	euclidean	0.006384440360608813	218432.20385875073	20	8	42	0.1	1000	10
poincare	poincare	1.0716722183106862	215332.448953304	20	8	42	0.1	1000	10
hyperboloid	euclidean	162003142302.25897	38145837357.66857	20	8	42	0.1	1000	10
hyperboloid	hyperboloid	0.0001287937713367742	207042.12918529354	20	8	42	0.1	1000	10
poincare	euclidean	0.00029618238832946063	230267.32735003598	20	8	42	0.5	1000	2
poincare	poincare	4.6778163769668035	224386.45772500537	20	8	42	0.5	1000	2
hyperboloid	euclidean	6.582876640980325e+21	9.729552110677122e+16	20	8	42	0.5	1000	2
hyperboloid	hyperboloid	0.0004646745121106864	169544.2449894501	20	8	42	0.5	1000	2
poincare	euclidean	0.0010151837402960708	202586.3163239031	20	8	42	0.5	1000	5
poincare	poincare	5.769653374875126	197130.8287697659	20	8	42	0.5	1000	5
hyperboloid	euclidean	4.5913739782987343e+21	2.5333321662317475e+20	20	8	42	0.5	1000	5
hyperboloid	hyperboloid	0.00020457216931555494	209825.06255993218	20	8	42	0.5	1000	5
poincare	euclidean	0.0006954999462704609	218906.86213415765	20	8	42	0.5	1000	10
poincare	poincare	5.500637967996818	213043.03752244508	20	8	42	0.5	1000	10
hyperboloid	euclidean	4.783977259820455e+22	5.00437557458875e+20	20	8	42	0.5	1000	10
hyperboloid	hyperboloid	0.00047770379660104034	198164.53221011427	20	8	42	0.5	1000	10
poincare	euclidean	0.006781817735006854	218420.11490513108	20	8	43	0.1	1000	2
poincare	poincare	1.4176677727811973	215394.0832341937	20	8	43	0.1	1000	2
hyperboloid	euclidean	8162929523583.02	8170108834333.553	20	8	43	0.1	1000	2
hyperboloid	hyperboloid	0.002892103149877163	194847.76535143648	20	8	43	0.1	1000	2
poincare	euclidean	0.005897327205752929	198979.96093448074	20	8	43	0.1	1000	5
poincare	poincare	1.0862372944276109	196124.5146634298	20	8	43	0.1	1000	5
hyperboloid	euclidean	313094838642.3884	224380720844.8315	20	8	43	0.1	1000	5
hyperboloid	hyperboloid	0.00029368101319314033	222718.9627861472	20	8	43	0.1	1000	5
poincare	euclidean	0.005305888299810606	239549.87219281113	20	8	43	0.1	1000	10
poincare	poincare	1.4565579081757527	235933.85430320687	20	8	43	0.1	1000	10
hyperboloid	euclidean	200372090256.30298	15563680026.097368	20	8	43	0.1	1000	10
hyperboloid	hyperboloid	0.00010857901424644223	169408.26339674278	20	8	43	0.1	1000	10
poincare	euclidean	0.0010716110575841806	218416.94829614862	20	8	43	0.5	1000	2
poincare	poincare	5.970706539678384	212598.24405824995	20	8	43	0.5	1000	2
hyperboloid	euclidean	9.878983317289272e+27	1.11888258221177e+28	20	8	43	0.5	1000	2
hyperboloid	hyperboloid	0.031811617952431016	186056.85912122377	20	8	43	0.5	1000	2
poincare	euclidean	0.0008181423206215858	206889.65307954588	20	8	43	0.5	1000	5
poincare	poincare	6.272958356644511	201378.87673117698	20	8	43	0.5	1000	5
hyperboloid	euclidean	9.551504511305314e+23	8.522709097782993e+23	20	8	43	0.5	1000	5
hyperboloid	hyperboloid	0.004944050805300789	208717.41299001098	20	8	43	0.5	1000	5
poincare	euclidean	0.0004589686464218588	235363.53668924785	20	8	43	0.5	1000	10
poincare	poincare	6.253874231078563	228807.49999466992	20	8	43	0.5	1000	10
hyperboloid	euclidean	1.537185638375386e+21	5.568434225980659e+20	20	8	43	0.5	1000	10
hyperboloid	hyperboloid	4.937385894209699e-05	167145.03500412442	20	8	43	0.5	1000	10
poincare	euclidean	0.0010407571244505462	220933.32878447138	20	8	44	0.1	1000	2
poincare	poincare	0.9828376287276523	216888.36529232652	20	8	44	0.1	1000	2
hyperboloid	euclidean	783494190267.4073	625563795117.8408	20	8	44	0.1	1000	2
hyperboloid	hyperboloid	2.6266612085325765e-05	189240.00525258086	20	8	44	0.1	1000	2
poincare	euclidean	0.0076467888513270296	227529.70319142594	20	8	44	0.1	1000	5
poincare	poincare	1.3085344283527758	224310.4452275197	20	8	44	0.1	1000	5
hyperboloid	euclidean	561157812433.7374	468234455730.6108	20	8	44	0.1	1000	5
hyperboloid	hyperboloid	0.0003106004472556704	185258.62295138807	20	8	44	0.1	1000	5
poincare	euclidean	0.009102194810478408	194855.21933611098	20	8	44	0.1	1000	10
poincare	poincare	1.2621051397783478	191942.79815323107	20	8	44	0.1	1000	10
hyperboloid	euclidean	4262655990516.6343	1298545498727.608	20	8	44	0.1	1000	10
hyperboloid	hyperboloid	0.0004098934924246457	207038.07538707985	20	8	44	0.1	1000	10
poincare	euclidean	7.87600802714692e-05	219527.22615537816	20	8	44	0.5	1000	2
poincare	poincare	5.369256435269635	212760.37187242127	20	8	44	0.5	1000	2
hyperboloid	euclidean	1.1700497647352765e+23	1.1693945668545472e+23	20	8	44	0.5	1000	2
hyperboloid	hyperboloid	0.00016981886552676137	181169.8344475168	20	8	44	0.5	1000	2
poincare	euclidean	0.001025063933829256	231615.4277879601	20	8	44	0.5	1000	5
poincare	poincare	6.115818696128042	225486.2622414709	20	8	44	0.5	1000	5
hyperboloid	euclidean	1.7538016159291288e+23	1.6688242213889358e+23	20	8	44	0.5	1000	5
hyperboloid	hyperboloid	0.002987764852785606	178920.21657216287	20	8	44	0.5	1000	5
poincare	euclidean	0.0010060761619431736	193169.93056060036	20	8	44	0.5	1000	10
poincare	poincare	6.6643365211634364	187781.18535949546	20	8	44	0.5	1000	10
hyperboloid	euclidean	3.96827435586024e+25	2.6438712950086833e+23	20	8	44	0.5	1000	10
hyperboloid	hyperboloid	0.008910205643681838	194139.52976691036	20	8	44	0.5	1000	10
poincare	euclidean	1.6359849657823195e-05	221419.76074607883	20	16	42	0.1	1000	2
poincare	poincare	2.7531976585748525	215191.747905341	20	16	42	0.1	1000	2
hyperboloid	euclidean	3.22476604875659e+21	1.647119522748146e+18	20	16	42	0.1	1000	2
hyperboloid	hyperboloid	0.021676147612401917	171180.61688944508	20	16	42	0.1	1000	2
poincare	euclidean	2.6066851553329327e-05	171361.4982679909	20	16	42	0.1	1000	5
poincare	poincare	2.234633604146615	166085.93347149584	20	16	42	0.1	1000	5
hyperboloid	euclidean	7.440454646694066e+18	6.231457553600336e+18	20	16	42	0.1	1000	5
hyperboloid	hyperboloid	1.5978940660552584e-06	225365.05850709067	20	16	42	0.1	1000	5
poincare	euclidean	2.7922606837607038e-05	197417.7482269945	20	16	42	0.1	1000	10
poincare	poincare	2.9928331266634642	191700.2958984825	20	16	42	0.1	1000	10
hyperboloid	euclidean	1.526960761257117e+18	1.421104185883286e+18	20	16	42	0.1	1000	10
hyperboloid	hyperboloid	7.066975496948112e-05	217138.0157160637	20	16	42	0.1	1000	10
poincare	euclidean		217435.79918763938	20	16	42	0.5	1000	2
poincare	poincare		206120.28808984236	20	16	42	0.5	1000	2
hyperboloid	euclidean		2.7687423033655533e+29	20	16	42	0.5	1000	2
hyperboloid	hyperboloid		164350.00382389396	20	16	42	0.5	1000	2
poincare	euclidean		209690.9320668567	20	16	42	0.5	1000	5
poincare	poincare		198524.82420953226	20	16	42	0.5	1000	5
hyperboloid	euclidean		2.425713651974903e+31	20	16	42	0.5	1000	5
hyperboloid	hyperboloid		184974.8638536	20	16	42	0.5	1000	5
poincare	euclidean		199786.60949450175	20	16	42	0.5	1000	10
poincare	poincare		188976.52217174455	20	16	42	0.5	1000	10
hyperboloid	euclidean		8.253872894055942e+30	20	16	42	0.5	1000	10
hyperboloid	hyperboloid		179217.0110160733	20	16	42	0.5	1000	10
poincare	euclidean	1.6558870087862205e-05	191887.24600086606	20	16	43	0.1	1000	2
poincare	poincare	2.477605511146933	186154.05094010383	20	16	43	0.1	1000	2
hyperboloid	euclidean	1.789653205779879e+18	9.264717522164362e+17	20	16	43	0.1	1000	2
hyperboloid	hyperboloid	0.00012143083404545268	205999.48963219323	20	16	43	0.1	1000	2
poincare	euclidean	3.558617267976968e-05	215458.3367620009	20	16	43	0.1	1000	5
poincare	poincare	2.76516695165521	209292.6922754024	20	16	43	0.1	1000	5
hyperboloid	euclidean	3.200361563841447e+20	8.310520900556059e+17	20	16	43	0.1	1000	5
hyperboloid	hyperboloid	0.001431321965021847	181627.0888024726	20	16	43	0.1	1000	5
poincare	euclidean	1.875601902353075e-05	200256.63655867637	20	16	43	0.1	1000	10
poincare	poincare	3.029732691783506	194164.91515482857	20	16	43	0.1	1000	10
hyperboloid	euclidean	1.4448620753894915e+21	1.3088979495023938e+19	20	16	43	0.1	1000	10
hyperboloid	hyperboloid	0.0012097276316488255	202961.4539575547	20	16	43	0.1	1000	10
poincare	euclidean		228058.42669118018	20	16	43	0.5	1000	2
poincare	poincare		216148.5134904761	20	16	43	0.5	1000	2
hyperboloid	euclidean		1.4411108560746182e+30	20	16	43	0.5	1000	2
hyperboloid	hyperboloid		164176.89150121028	20	16	43	0.5	1000	2
poincare	euclidean		220476.55643038967	20	16	43	0.5	1000	5
poincare	poincare		209388.22630667457	20	16	43	0.5	1000	5
hyperboloid	euclidean		2.7608450818920226e+30	20	16	43	0.5	1000	5
hyperboloid	hyperboloid		176560.76473896005	20	16	43	0.5	1000	5
poincare	euclidean		195536.4943209666	20	16	43	0.5	1000	10
poincare	poincare		185006.0130887338	20	16	43	0.5	1000	10
hyperboloid	euclidean		4.864481016753236e+30	20	16	43	0.5	1000	10
hyperboloid	hyperboloid		198866.48886039824	20	16	43	0.5	1000	10
poincare	euclidean	4.79831597086181e-05	223965.22193266734	20	16	44	0.1	1000	2
poincare	poincare	2.984971137771102	217625.83874981722	20	16	44	0.1	1000	2
hyperboloid	euclidean	6.553936709210332e+18	7.942165866795645e+17	20	16	44	0.1	1000	2
hyperboloid	hyperboloid	8.454074000726491e-06	172038.41908592416	20	16	44	0.1	1000	2
poincare	euclidean	3.4228418822158546e-05	213502.51820815704	20	16	44	0.1	1000	5
poincare	poincare	3.0331657826852676	207270.16044736572	20	16	44	0.1	1000	5
hyperboloid	euclidean	4.0478149238511683e+18	2.880904791806185e+18	20	16	44	0.1	1000	5
hyperboloid	hyperboloid	2.845756744070201e-05	188265.19759954297	20	16	44	0.1	1000	5
poincare	euclidean	1.9115011072841902e-05	245393.0858176119	20	16	44	0.1	1000	10
poincare	poincare	2.7249790469035413	238326.24423591804	20	16	44	0.1	1000	10
hyperboloid	euclidean	1.1757675353983496e+19	4.0435894112640634e+17	20	16	44	0.1	1000	10
hyperboloid	hyperboloid	1.3352837798557768e-05	164287.9327081953	20	16	44	0.1	1000	10
poincare	euclidean		219851.4924315943	20	16	44	0.5	1000	2
poincare	poincare		208416.23601748244	20	16	44	0.5	1000	2
hyperboloid	euclidean		2.5674374882855175e+29	20	16	44	0.5	1000	2
hyperboloid	hyperboloid		168305.28252559475	20	16	44	0.5	1000	2
poincare	euclidean		217913.41373981917	20	16	44	0.5	1000	5
poincare	poincare		206512.9447739601	20	16	44	0.5	1000	5
hyperboloid	euclidean		1.2167243599090313e+31	20	16	44	0.5	1000	5
hyperboloid	hyperboloid		173668.94728019298	20	16	44	0.5	1000	5
poincare	euclidean		209999.92484516106	20	16	44	0.5	1000	10
poincare	poincare		198823.15693753838	20	16	44	0.5	1000	10
hyperboloid	euclidean		4.3750319566978825e+30	20	16	44	0.5	1000	10
hyperboloid	hyperboloid		178499.09305221325	20	16	44	0.5	1000	10
poincare	euclidean		216799.75935422938	20	32	42	0.1	1000	2
poincare	poincare		205712.6185136193	20	32	42	0.1	1000	2
hyperboloid	euclidean		1.4290788798085274e+27	20	32	42	0.1	1000	2
hyperboloid	hyperboloid		183682.79397276364	20	32	42	0.1	1000	2
poincare	euclidean		199267.23171426012	20	32	42	0.1	1000	5
poincare	poincare		188885.8416886864	20	32	42	0.1	1000	5
hyperboloid	euclidean		2.1370464026176682e+27	20	32	42	0.1	1000	5
hyperboloid	hyperboloid		200753.86846806228	20	32	42	0.1	1000	5
poincare	euclidean		183966.54199120283	20	32	42	0.1	1000	10
poincare	poincare		173938.31300266358	20	32	42	0.1	1000	10
hyperboloid	euclidean		2.2772076763343672e+30	20	32	42	0.1	1000	10
hyperboloid	hyperboloid		197485.33497246273	20	32	42	0.1	1000	10
poincare	euclidean		238355.30789146444	20	32	42	0.5	1000	2
poincare	poincare		225385.55530693685	20	32	42	0.5	1000	2
hyperboloid	euclidean		1.739016242478526e+29	20	32	42	0.5	1000	2
hyperboloid	hyperboloid		152101.38614243825	20	32	42	0.5	1000	2
poincare	euclidean		198739.39927253395	20	32	42	0.5	1000	5
poincare	poincare		187729.249001887	20	32	42	0.5	1000	5
hyperboloid	euclidean		6.25463540161566e+28	20	32	42	0.5	1000	5
hyperboloid	hyperboloid		196606.34303382967	20	32	42	0.5	1000	5
poincare	euclidean		216726.29255024067	20	32	42	0.5	1000	10
poincare	poincare		204249.84588684666	20	32	42	0.5	1000	10
hyperboloid	euclidean		1.0469680100002991e+31	20	32	42	0.5	1000	10
hyperboloid	hyperboloid		156641.62019319166	20	32	42	0.5	1000	10
poincare	euclidean		225523.55622934565	20	32	43	0.1	1000	2
poincare	poincare		213476.55478031884	20	32	43	0.1	1000	2
hyperboloid	euclidean		7.857105217429628e+29	20	32	43	0.1	1000	2
hyperboloid	hyperboloid		165652.03485517032	20	32	43	0.1	1000	2
poincare	euclidean		225619.32770800954	20	32	43	0.1	1000	5
poincare	poincare		214125.6701563061	20	32	43	0.1	1000	5
hyperboloid	euclidean		2.2894379590277727e+30	20	32	43	0.1	1000	5
hyperboloid	hyperboloid		177220.00055767805	20	32	43	0.1	1000	5
poincare	euclidean		227051.15636107908	20	32	43	0.1	1000	10
poincare	poincare		215458.10079189978	20	32	43	0.1	1000	10
hyperboloid	euclidean		3.305374977714319e+29	20	32	43	0.1	1000	10
hyperboloid	hyperboloid		174997.99571506528	20	32	43	0.1	1000	10
poincare	euclidean		173366.76115150435	20	32	43	0.5	1000	2
poincare	poincare		160814.25538539325	20	32	43	0.5	1000	2
hyperboloid	euclidean		2.257015009290811e+32	20	32	43	0.5	1000	2
hyperboloid	hyperboloid		138961.85448618123	20	32	43	0.5	1000	2
poincare	euclidean		207889.09427259228	20	32	43	0.5	1000	5
poincare	poincare		195699.73646764708	20	32	43	0.5	1000	5
hyperboloid	euclidean		4.168172499524953e+31	20	32	43	0.5	1000	5
hyperboloid	hyperboloid		169685.89104550297	20	32	43	0.5	1000	5
poincare	euclidean		188374.87017039364	20	32	43	0.5	1000	10
poincare	poincare		176737.10317122066	20	32	43	0.5	1000	10
hyperboloid	euclidean		3.3225997058639716e+31	20	32	43	0.5	1000	10
hyperboloid	hyperboloid		168937.93065724254	20	32	43	0.5	1000	10
poincare	euclidean		205591.17759646368	20	32	44	0.1	1000	2
poincare	poincare		194943.8722379168	20	32	44	0.1	1000	2
hyperboloid	euclidean		2.9603920166568094e+27	20	32	44	0.1	1000	2
hyperboloid	hyperboloid		193950.15506658796	20	32	44	0.1	1000	2
poincare	euclidean		209572.55431852114	20	32	44	0.1	1000	5
poincare	poincare		198901.8006314206	20	32	44	0.1	1000	5
hyperboloid	euclidean		6.1010104616479225e+26	20	32	44	0.1	1000	5
hyperboloid	hyperboloid		184154.18964850585	20	32	44	0.1	1000	5
poincare	euclidean		215207.82764670148	20	32	44	0.1	1000	10
poincare	poincare		204118.7034392577	20	32	44	0.1	1000	10
hyperboloid	euclidean		2.9890531374626785e+30	20	32	44	0.1	1000	10
hyperboloid	hyperboloid		185806.165784396	20	32	44	0.1	1000	10
poincare	euclidean		188531.40324990876	20	32	44	0.5	1000	2
poincare	poincare		178210.06688493083	20	32	44	0.5	1000	2
hyperboloid	euclidean		5.102676364211643e+29	20	32	44	0.5	1000	2
hyperboloid	hyperboloid		209271.8604423304	20	32	44	0.5	1000	2
poincare	euclidean		215271.54840769994	20	32	44	0.5	1000	5
poincare	poincare		203608.20158814572	20	32	44	0.5	1000	5
hyperboloid	euclidean		1.6611199066499753e+31	20	32	44	0.5	1000	5
hyperboloid	hyperboloid		173500.58201365947	20	32	44	0.5	1000	5
poincare	euclidean		168198.65955359148	20	32	44	0.5	1000	10
poincare	poincare		157809.53146928074	20	32	44	0.5	1000	10
hyperboloid	euclidean		2.9536783243064883e+31	20	32	44	0.5	1000	10
hyperboloid	hyperboloid		202360.03869648615	20	32	44	0.5	1000	10
